-- phpMyAdmin SQL Dump
-- version 4.9.0.1
-- https://www.phpmyadmin.net/
--
-- Gép: 127.0.0.1
-- Létrehozás ideje: 2024. Feb 29. 11:57
-- Kiszolgáló verziója: 10.4.6-MariaDB
-- PHP verzió: 7.3.8

SET SQL_MODE = "NO_AUTO_VALUE_ON_ZERO";
SET AUTOCOMMIT = 0;
START TRANSACTION;
SET time_zone = "+00:00";


/*!40101 SET @OLD_CHARACTER_SET_CLIENT=@@CHARACTER_SET_CLIENT */;
/*!40101 SET @OLD_CHARACTER_SET_RESULTS=@@CHARACTER_SET_RESULTS */;
/*!40101 SET @OLD_COLLATION_CONNECTION=@@COLLATION_CONNECTION */;
/*!40101 SET NAMES utf8mb4 */;

--
-- Adatbázis: `jab_ab`
--
CREATE DATABASE IF NOT EXISTS `jab_ab` DEFAULT CHARACTER SET utf8 COLLATE utf8_hungarian_ci;
USE `jab_ab`;

-- --------------------------------------------------------

--
-- Tábla szerkezet ehhez a táblához `merkozesek`
--

CREATE TABLE `merkozesek` (
  `merkozesekid` int(11) NOT NULL,
  `vnevid1` int(11) NOT NULL,
  `vnevid2` int(11) NOT NULL,
  `gyoztes` varchar(35) COLLATE utf8_hungarian_ci DEFAULT NULL,
  `pontozas` varchar(11) COLLATE utf8_hungarian_ci DEFAULT NULL,
  `KO` int(11) NOT NULL,
  `ring` varchar(35) COLLATE utf8_hungarian_ci NOT NULL,
  `bnev` varchar(35) COLLATE utf8_hungarian_ci DEFAULT NULL,
  `suly1ID` int(11) DEFAULT NULL,
  `suly2ID` int(11) DEFAULT NULL
) ENGINE=InnoDB DEFAULT CHARSET=utf8 COLLATE=utf8_hungarian_ci;

--
-- A tábla adatainak kiíratása `merkozesek`
--

INSERT INTO `merkozesek` (`merkozesekid`, `vnevid1`, `vnevid2`, `gyoztes`, `pontozas`, `KO`, `ring`, `bnev`, `suly1ID`, `suly2ID`) VALUES
(1, 86, 101, 'MILISIC Ana', '4:1', 0, 'A', ' BOUHLEL Sara', 86, 101),
(2, 49, 61, 'SZABÓ Petra', '4:1', 0, 'A', 'BABAI Sándor', 49, 61),
(3, 50, 123, 'BÉLIK Tímea', '3:2', 0, 'A', 'SIMEVSKA Radmila', 50, 123),
(4, 13, 105, 'TSYKALO Ruslan', 'R2', 1, 'A', 'CSOKOR Zoltán', 13, 105),
(5, 66, 77, 'ZHEXEN Biibars', '5:0', 0, 'A', 'MILCZAREK Slawomir', 66, 77),
(6, 17, 106, 'ZAMORYLO Danyil', 'R3', 0, 'A', 'JÓNÁS Ádám', 17, 106),
(7, 69, 23, 'AKKALYKOV Sabirzhan', '5:0', 0, 'A', 'SZABÓ Egon', 69, 23),
(8, 24, 22, 'BUZA Rómeó', '4:1', 0, 'A', 'HIDVÉGI György', 24, 22),
(9, 27, 70, 'AKILOV Pylyp', '3:0', 0, 'A', 'BOUHLEL Sara', 27, 70),
(10, 111, 80, 'KULYA Dmytro', '4:0', 0, 'A', 'KÁDÁR Sándor', 111, 80),
(11, 81, 116, 'HRYTSIV Oleksandr', 'R3', 0, 'A', 'SIMEVSKA Radmila', 81, 116),
(12, 39, 83, 'OYUNTSETSEG Jesugen', '5:0', 0, 'B', 'BAITTROV Nurbek', 39, 83),
(13, 42, 41, 'SZŰCS Szabina', '5:0', 0, 'B', 'CSOKOR Csaba', 42, 41),
(14, 122, 44, '', 'R2', 0, 'B', 'SUKHEBATOR Zhyhzhzhayan', 122, 44),
(15, 48, 45, 'HARCOS Zoé', '4:1', 0, 'B', 'DR. RÁTKAI Norbert', 48, 45),
(16, 126, 96, 'ELIZABETA Wojcik', '5:0', 0, 'B', 'GYŐRFI Károly', 126, 96),
(17, 12, 11, 'SZABÓ Sándor', '-', 0, 'B', 'FEHÉR Márió', 12, 11),
(18, 16, 59, 'TÓTH-SZABÓ Vilmos', '-', 0, 'B', 'MOLNÁR Gábor', 16, 59),
(19, 67, 15, 'ZEINULINOV Yertuga', '5:0', 0, 'B', 'SZŰCS Veronika', 67, 15),
(20, 90, 109, 'ZAKHARIEV Yurii', '-', 0, 'B', 'BAITTROV Nurbek', 90, 109),
(21, 26, 110, 'ILLIUSHA Pavol', '5:0', 0, 'B', 'CSOKOR Csaba', 26, 110),
(22, 25, 28, 'MESTER Soma', 'R2', 0, 'B', 'SUKHEBATOR Zhyhzhzhayan', 25, 28),
(23, 118, 82, 'KOB Tetiana', '5:0', 0, 'A', 'CSOKOR Zoltán', 118, 82),
(24, 87, 93, 'SZEREMETA Julia', '3:2', 0, 'A', 'MILCZAREK Slawomir', 87, 93),
(25, 85, 43, 'TUMURKHUYAG Bolortuul', 'R2', 0, 'A', 'JÓNÁS Ádám', 85, 43),
(26, 74, 94, 'VLADISLAVA Kukhta', '4:1', 0, 'A', 'SZABÓ Egon', 74, 94),
(27, 46, 88, 'MONKHOR Namuun', '-', 0, 'A', 'HIDVÉGI György', 46, 88),
(28, 95, 124, 'ANETA Rygielska', '3:2', 0, 'A', 'BOUHLEL Sara', 95, 124),
(29, 75, 6, 'ALDARKHISHEG Battulga', '5:0', 0, 'A', 'BABAI Sándor', 75, 6),
(30, 104, 65, 'SERIKBAY Assylzhan', '4:0', 0, 'A', 'SIMEVSKA Radmila', 104, 65),
(31, 14, 106, 'KOVÁCS Richárd', '5:0', 0, 'A', 'HIDVÉGI György', 14, 106),
(32, 19, 97, 'BUZA Rafael', '5:0', 0, 'A', 'MILCZAREK Slawomir', 19, 97),
(33, 32, 73, 'KISS Levente', '5:0', 0, 'A', 'KÁDÁR Sándor', 32, 73),
(34, 300, 37, 'NATALIA Kuczewska', '5:0', 0, 'B', 'DR. RÁTKAI Norbert', 300, 37),
(35, 60, 121, 'NIKOLINA Cacic', '5:0', 0, 'B', 'GYŐRFI Károly', 60, 121),
(36, 101, 41, 'SZŰCS Szabina', '4:1', 0, 'B', 'FEHÉR Márió', 101, 41),
(37, 47, 49, 'SZABÓ Petra', '-', 0, 'B', 'MOLNÁR Gábor', 47, 49),
(38, 122, 45, 'OKHREI Hanna', '5:0', 0, 'B', 'SZŰCS Veronika', 122, 45),
(39, 53, 125, 'SARANIUK Anastasiia', '3:2', 0, 'B', 'BATYROV Nurbek', 53, 125),
(40, 64, 4, 'MURATULY Kenzhe', '-', 0, 'B', 'CSOKOR Csaba', 64, 4),
(41, 9, 100, 'GÁLOS Roland', '-', 0, 'B', 'SUKHEBATOR Zhyhzhzhayan', 9, 100),
(42, 16, 67, 'ZEINULINOV Yertuga', 'R2', 0, 'B', 'SUKHEBATOR Zhyhzhzhayan', 16, 67),
(43, 99, 108, 'KHRISTOSOV Rhor', '-', 0, 'B', 'GYŐRFI Károly', 99, 108),
(44, 114, 33, 'KARTSAN Arkadii', '-', 0, 'B', 'FEHÉR Márió', 114, 33),
(45, 36, 119, 'MEZEI Petra', '5:0', 0, 'A', 'CSOKOR Zoltán', 36, 119),
(46, 120, 92, 'DRABIK Sandra', '5:0', 0, 'A', 'SZABÓ Egon', 120, 92),
(47, 93, 85, 'SZEREMETA Julia', '4:1', 0, 'A', 'BOUHLEL Sara', 93, 85),
(48, 74, 88, 'MONKHOR Namuun', '3:2', 0, 'A', 'KÁDÁR Sándor', 74, 88),
(49, 52, 102, 'ANNA Jenni', '5:0', 0, 'A', 'JÓNÁS Ádám', 52, 102),
(50, 128, 58, 'LOVCHYNSKA Mariia', '5:0', 0, 'A', 'SIMEVSKA Radmila', 128, 58),
(51, 7, 8, 'VERES Roland', '5:0', 0, 'A', 'BABAI Sándor', 7, 8),
(52, 107, 68, 'ALIIEV Elvin', '-', 0, 'A', 'HIDVÉGI György', 107, 68),
(53, 18, 78, 'BATTUMUR Misheelt', '4:1', 0, 'A', 'MILCZAREK Slawomir', 18, 78),
(54, 27, 111, 'KULYA Dmytro', '-', 0, 'A', 'BOUHLEL Sara', 27, 111),
(55, 30, 113, 'ZHASAN Danylo', '5:0', 0, 'A', 'HIDVÉGI György', 30, 113),
(56, 118, 300, 'NATALIA Kuczewska', '3:2', 0, 'B', 'FEHÉR Márió', 118, 300),
(57, 84, 40, 'LUTSAIKHAN Altantsetseg', '3:2', 0, 'B', 'SZŰCS Veronika', 84, 40),
(58, 60, 41, 'SZŰCS Szabina', '4:1', 0, 'B', 'SUKHEBATOR Zhyhzhzhayan', 60, 41),
(59, 49, 122, 'OKHREI Hanna', '4:1', 0, 'B', 'DR. RÁTKAI Norbert', 49, 122),
(60, 51, 50, 'BÉLIK Tímea', '4:1', 0, 'B', 'FEHÉR Márió', 51, 50),
(61, 1, 103, 'TYSHKOVETS Andriy', '-', 0, 'B', 'CSOKOR Csaba', 1, 103),
(62, 65, 9, 'SERIKBAY Assylzhan', '5:0', 0, 'B', 'MOLNÁR Gábor', 65, 9),
(63, 79, 20, 'PETRIMÁN Milán', '3:2', 0, 'B', 'GYŐRFI Károly', 79, 20),
(64, 19, 108, 'BUZA Rafael', '4:1', 0, 'B', 'BATYROV Nurbek', 19, 108),
(65, 110, 28, 'ILLIUSHA Pavol', '3:2', 0, 'B', 'DR. RÁTKAI Norbert', 110, 28),
(66, 72, 31, 'MUKATAYEV Temirlan', '-', 0, 'B', 'MOLNÁR Gábor', 72, 31),
(67, 5, 76, 'VIRBÁN Gábor', '4:1', 0, 'A', ' BABAI Sándor', 5, 76),
(68, 10, 105, 'KOVÁCS Kruzitó', '3:2', 0, 'A', 'KÁDÁR Sándor', 10, 105),
(69, 107, 78, 'ALIIEV Elvin', '4:1', 0, 'A', 'SZABÓ Egon', 107, 78),
(70, 21, 69, 'AKKALYKOV Sabirzhan', '-', 0, 'A', 'MILCZAREK Slawomir', 21, 69),
(71, 71, 112, 'ZHAKPEKOV Yerassyl', '5:0', 0, 'A', 'CSOKOR Zoltán', 71, 112),
(72, 115, 98, 'LOVCHYNSKYI Dmytro', 'R1', 1, 'A', 'BOUHLEL Sara', 115, 98),
(73, 2, 63, 'SABIT Daniyal', '-', 0, 'B', 'CSOKOR Csaba', 2, 63),
(74, 75, 64, 'MURATULY Kenzhe', '5:0', 0, 'B', 'CSOKOR Csaba', 75, 64),
(75, 66, 12, 'ZHEXEN Biibars', 'R2', 0, 'B', 'SUKHEBATOR Zhyhzhzhayan', 66, 12),
(76, 20, 19, 'BUZA Rafael', '5:0', 0, 'B', 'MOLNÁR Gábor', 20, 19),
(77, 22, 109, 'ZAKHARIEV Yurii', '5:0', 0, 'B', 'MOLNÁR Gábor', 22, 109),
(78, 34, 116, 'HRYTSIV Oleksandr', '-', 0, 'B', 'BATYROV Nurbek', 34, 116),
(79, 35, 117, 'SHALIMOVA Olha', '4:0', 0, 'A', 'JÓNÁS Ádám', 35, 117),
(80, 36, 300, 'NATALIA Kuczewska', '4:1', 0, 'A', 'MOLNÁR Gábor', 36, 300),
(81, 38, 83, 'OYUNTSETSEG Jesugen', '5:0', 0, 'A', 'FEHÉR Márió', 38, 83),
(82, 92, 84, 'DRABIK Sandra', '5:0', 0, 'A', 'BABAI Sándor', 92, 84),
(83, 93, 41, 'SZEREMETA Julia', '3:2', 0, 'A', 'MOLNÁR Gábor', 93, 41),
(84, 88, 122, 'MONKHOR Namuun', '5:0', 0, 'A', 'SUKHEBATOR Zhyhzhzhayan', 88, 122),
(85, 102, 50, 'ANNA Jenni', '5:0', 0, 'A', 'SZABÓ Egon', 102, 50),
(86, 89, 95, 'ANETA Rygielska', '5:0', 0, 'A', 'BATYROV Nurbek', 89, 95),
(87, 54, 125, 'NAGY Bianka', '5:0', 0, 'A', 'SIMEVSKA Radmila', 54, 125),
(88, 55, 96, 'NAKOTA Veronika', '5:0', 0, 'A', 'KÁDÁR Sándor', 55, 96),
(89, 127, 56, 'LUSTAK Iryna', '5:0', 0, 'A', 'CSOKOR Csaba', 127, 56),
(90, 57, 128, 'LOVCHYNSKA Mariia', '4:1', 0, 'A', 'BOUHLEL Sara', 57, 128),
(91, 62, 103, 'ZHUSSUPOV Askhat', '4:1', 0, 'A', 'CSOKOR Zoltán', 62, 103),
(92, 3, 63, 'BERNÁTH Attila', '3:2', 0, 'A', 'JÓNÁS Ádám', 3, 63),
(93, 5, 64, 'VIRBÁN Gábor', '5:0', 0, 'A', 'FEHÉR Márió', 5, 64),
(94, 8, 65, 'SERIKBAY Assylzhan', '4:1', 0, 'A', 'SZABÓ Egon', 8, 65),
(95, 10, 66, 'ZHEXEN Biibars', '4:1', 0, 'A', 'GYŐRFI Károly', 10, 66),
(96, 14, 67, 'ZEINULINOV Yertuga', '4:1', 0, 'A', 'BABAI Sándor', 14, 67),
(97, 107, 19, 'ALIIEV Elvin', '4:1', 0, 'A', 'CSOKOR Csaba', 107, 19),
(98, 69, 109, 'ZAKHARIEV Yurii', '4:1', 0, 'A', 'MOLNÁR Gábor', 69, 109),
(99, 111, 110, 'ILLIUSHA Pavol', '5:0', 0, 'A', 'HIDVÉGI György', 111, 110),
(100, 29, 71, 'ZHAKPEKOV Yerassyl', '-', 0, 'A', 'BABAI Sándor', 29, 71),
(101, 113, 72, 'ZHASAN Danylo', '5:0', 0, 'A', 'BOUHLEL Sara', 113, 72),
(102, 32, 33, 'SALLAI Márk', 'R1', 0, 'A', 'SUKHEBATOR Zhyhzhzhayan', 32, 33),
(103, 115, 116, 'LOVCHYNSKYI Dmytro', '5:0', 0, 'A', 'BATYROV Nurbek', 115, 116),
(104, 141, 142, 'KAIVO-OJA Pihla', '3:2', 0, 'A', 'MICHAEL Hemming', 141, 142),
(105, 154, 155, 'LAKOTÁR Hanna', '5:0', 0, 'A', 'BABAI Sándor', 154, 155),
(106, 156, 157, 'KOVALCHUK Anastasiia', '4:1', 0, 'A', 'ANTONIN Gaspar', 156, 157),
(107, 158, 159, 'DRABIK Sandra', ' 5:0', 0, 'A', 'MOLNÁR Gábor', 158, 159),
(108, 160, 161, 'CACIC Nikolina', '3:2', 0, 'A', 'ABDUALIMOV Askiddin', 160, 161),
(109, 174, 175, 'ALEXIUSSON Agnes', '5:0', 0, 'A', 'GYŐRFI Károly', 174, 175),
(110, 176, 177, 'BÜCHNER Lena', '5:0', 0, 'A', 'LAZAREV Dimitrov', 176, 177),
(111, 178, 179, ' KOCIOLEK Zaklina', '3:2', 0, 'A', 'CSOKOR Zoltán', 178, 179),
(112, 180, 181, 'VOLOSSENKO Rimma', '5:0', 0, 'A', 'MICHAEL Hemming', 180, 181),
(113, 182, 183, 'GENGLBANER Felicitas', '5:0', 0, 'A', 'BABAI Sándor', 182, 183),
(114, 184, 185, 'JEDINAKOVA Miroslava', '3:2', 0, 'A', 'ANTONIN Gaspar', 184, 185),
(115, 186, 187, 'OKHREI Hanna', '4:1', 0, 'A', 'MOLNÁR Gábor', 186, 187),
(116, 188, 189, 'SZABÓ Petra', '3:2', 0, 'A', 'ABDUALIMOV Askiddin', 188, 189),
(117, 364, 365, 'KHABIBULLAEV Turabek', 'R2', 1, 'B', 'CASTEN Fijuje', 364, 365),
(118, 366, 367, 'EIS Ben', '5:0', 0, 'B', 'SZŰCS Veronika', 366, 367),
(119, 368, 369, 'KHYZHNIAK Oleksandr', 'R2', 0, 'B', 'EDUARDO Gustin', 368, 369),
(120, 370, 371, 'LIORANCAS Robertas', '3:2', 0, 'B', 'HIDVÉGI György', 370, 371),
(121, 372, 373, 'ORALBAY Nurbek', '4:1', 0, 'B', 'NORBERT Hornak', 372, 373),
(122, 374, 375, 'NYSTEDT Nikita', '5:0', 0, 'B', 'CSOKOR Csaba', 374, 375),
(123, 376, 377, 'BOYMATOV Rakhmatullo', '4:1', 0, 'B', 'GALIYEV Elcham', 376, 377),
(124, 378, 379, 'VLADIMIR Mironcikov', '5:0', 0, 'B', 'TÓTH Imre ', 378, 379),
(125, 380, 381, 'SHIERLE Silvio', '3:2', 0, 'B', 'CASTEN Fijuje', 380, 381),
(126, 382, 383, 'RUSTON Kirra', '3:2', 0, 'B', 'SZŰCS Veronika', 382, 383),
(127, 276, 277, 'VASILE Usturoi', '4:1', 0, 'B', 'PIRJO Tyni ', 276, 277),
(128, 279, 280, 'TAGAYBAEV Aydos', '5:0', 0, 'B', 'BÉKI Piroska ', 279, 280),
(129, 281, 282, 'ZZIWA Fred', 'R2', 0, 'C', 'VILMANTHS Bobinas', 281, 282),
(130, 283, 284, 'RÓMAI Ruben', '3:2', 0, 'C', 'FEHÉR Márió', 283, 284),
(131, 285, 286, 'TÓTH-SZABÓ Vilmos', '5:0', 0, 'C', 'TOMASZ Majcher', 285, 286),
(132, 287, 288, 'TOLTAYEV Samatali', '3:2', 0, 'C', 'DR. RÁTKAI Norbert', 287, 288),
(133, 289, 290, 'LETAIEF Seifeddine', '4:1', 0, 'C', 'SZABÓ Egon', 289, 290),
(134, 291, 292, 'YILDIRIM Murat', '5:0', 0, 'C', 'TÖRÖK Zoltán', 291, 292),
(135, 309, 310, 'HANSEN Assan', '3:2', 0, 'C', 'PIRJO Tyni', 309, 310),
(136, 391, 392, 'TOLMACHOV Bogdan', '3:2', 0, 'C', 'BÉKI Piroska', NULL, NULL),
(137, 166, 167, 'RAHIMI Tina', '5:0', 0, 'A', 'GYŐRFI Károly', NULL, NULL),
(138, 168, 169, 'MAKINEN Teresa', '5:0', 0, 'A', 'LAZAREV Dimitrov', NULL, NULL),
(139, 170, 171, 'HOLMES Olivia', '5:0', 0, 'A', 'CSOKOR Zoltán', NULL, NULL),
(140, 172, 173, 'SULTANKYZY Saniya', '4:1', 0, 'A', 'MICHAEL Hemming', NULL, NULL),
(141, 200, 201, 'HÁMORI Luca', '5:0', 0, 'A', ' BABAI Sándor', NULL, NULL),
(142, 202, 203, 'RYGIELSKA Aneta', '5:0', 0, 'A', 'ANTONIN Gaspar', NULL, NULL),
(143, 204, 205, 'MÜLLER Leonie', '5:0', 0, 'A', 'MOLNÁR Gábor', NULL, NULL),
(144, 206, 207, 'SHAKIMOVA Dariga', '5:0', 0, 'A', 'ABDUALIMOV Askiddin', NULL, NULL),
(145, 211, 212, 'LAKOS Regina', '3:2', 0, 'A', 'GYŐRFI Károly', NULL, NULL),
(146, 217, 218, 'MARCINKOWSKA Barbara', '4:1', 0, 'A', 'LAZAREV Dimitrov', NULL, NULL),
(147, 219, 220, 'PARKER Caitlin', '5:0', 0, 'A', 'CSOKOR Zoltán', NULL, NULL),
(148, 221, 222, 'BAISON Manikon', '5:0', 0, 'A', 'MICHAEL Hemming', NULL, NULL),
(149, 223, 224, 'SCHÖNBERGER Irina', '5:0', 0, 'A', 'BABAI Sándor', NULL, NULL),
(150, 410, 411, 'ABOUDOU Moindze Djamili', '4:1', 0, 'B', 'EDUARDO Gustin', NULL, NULL),
(151, 412, 413, 'TEREMOANA Teremoana', 'R1', 0, 'B', NULL, NULL, NULL),
(152, 414, 415, 'LOVCHYNSKYI Dmytro', '4:0', 0, 'B', NULL, NULL, NULL),
(153, 416, 417, 'STOIANEHER Kyrylo', '4:1', 0, 'B', NULL, NULL, NULL),
(154, 418, 419, 'JAAZEVICIUS Jonas', '4:1', 0, 'B', NULL, NULL, NULL),
(155, 420, 421, 'PUTILOV Nikita', '-', 0, 'B', NULL, NULL, NULL),
(156, 422, 423, 'TOIBAY Damir', '5:0', 0, 'B', NULL, NULL, NULL),
(157, 338, 339, 'AVDIC Esad', '5:0', 0, 'C', 'PIRJO Tyni ', NULL, NULL),
(158, 340, 341, 'PYLYPEC Maksim', '5:0', 0, 'C', 'BÉKI Piroska', NULL, NULL),
(159, 342, 343, 'ANTHONY Kakukila', '3:2', 0, 'C', 'VILMANTHS Bobinas', NULL, NULL),
(160, 344, 345, 'MOLODAN Maksym', '5:0', 0, 'C', 'FEHÉR Márió ', NULL, NULL),
(161, 350, 351, 'PAPAKIN Ivan', '5:0', 0, 'C', 'TOMASZ Majcher', NULL, NULL),
(162, 352, 353, 'CSERVENKA Róbert', '3:2', 0, 'C', 'BABAI Sándor', NULL, NULL),
(163, 354, 355, 'DEBANIC Gabrijel', ' 4:1', 0, 'C', 'SZABÓ Egon ', NULL, NULL),
(164, 356, 357, 'AKYLOV Pylyp', ' 4:1', 0, 'C', 'TÖRÖK Zoltán', NULL, NULL),
(165, 132, 133, 'LOPEZ Aldana Florencia', '5:0', 0, 'A', ' PIRJO Tyni', NULL, NULL),
(166, 144, 145, 'SURACI Monique', 'R2', 0, 'A', ' BÉKI Piroska', NULL, NULL),
(167, 146, 147, 'UMANSKA Svitlana', ' 5:0', 0, 'A', 'VILMANTHS Bobinas', NULL, NULL),
(168, 148, 149, 'DR. BUSA Gabriella', '4:1', 0, 'A', 'FEHÉR Márió', NULL, NULL),
(169, 150, 151, 'JUTAMAS Jitpong', ' 4:1', 0, 'A', 'TOMASZ Majcher', NULL, NULL),
(170, 152, 153, 'NASSER Zeina', '4:1', 0, 'A', ' DR. RÁTKAI Norbert', NULL, NULL),
(171, 155, 157, 'KOVALCHUK Anastasiia', '4:1', 0, 'A', 'GALIYEV Elcham', NULL, NULL);

-- --------------------------------------------------------

--
-- Tábla szerkezet ehhez a táblához `sulycsoport`
--

CREATE TABLE `sulycsoport` (
  `id` int(11) NOT NULL,
  `vnev` varchar(35) COLLATE utf8_hungarian_ci NOT NULL,
  `sulycsoport` varchar(35) COLLATE utf8_hungarian_ci NOT NULL,
  `nem` varchar(35) COLLATE utf8_hungarian_ci NOT NULL
) ENGINE=InnoDB DEFAULT CHARSET=utf8 COLLATE=utf8_hungarian_ci;

--
-- A tábla adatainak kiíratása `sulycsoport`
--

INSERT INTO `sulycsoport` (`id`, `vnev`, `sulycsoport`, `nem`) VALUES
(1, 'ZSIGÓ Csaba', 'Szalmasúly', 'ffi'),
(2, 'BERNÁTH Imre', 'Légsúly', 'ffi'),
(3, 'BERNÁTH Attila', 'Légsúly', 'ffi'),
(4, 'BERNÁTH László', 'Harmatsúly', 'ffi'),
(5, 'VIRBÁN Gábor', 'Harmatsúly', 'ffi'),
(6, 'LAKATOS Péter', 'Harmatsúly', 'ffi'),
(7, 'KOLOSZÁR Valentin ', 'Pehelysúly', 'ffi'),
(8, 'VERES Roland', 'Pehelysúly', 'ffi'),
(9, 'GÁLOS Roland ', 'Pehelysúly', 'ffi'),
(10, 'KOVÁCS Kruzitó', 'Könnyűsúly', 'ffi'),
(11, 'BERNÁTH Dávid', 'Könnyűsúly', 'ffi'),
(12, 'SZABÓ Sándor', 'Könnyűsúly', 'ffi'),
(13, 'BUDAI Máté ', 'Könnyűsúly', 'ffi'),
(14, 'KOVÁCS Richárd', 'Kisváltósúly', 'ffi'),
(15, 'KOVÁCS Tamás ', 'Kisváltósúly', 'ffi'),
(16, 'TÓTH-SZABÓ Vilmos ', 'Kisváltósúly', 'ffi'),
(17, 'JARMY Tamás', 'Kisváltósúly', 'ffi'),
(18, 'MAJOR Milán', 'Váltósúly', 'ffi'),
(19, 'BUZA Rafael', 'Váltósúly', 'ffi'),
(20, 'PETRIMÁN Milán', 'Váltósúly', 'ffi'),
(21, 'GÉMES Levente ', 'Nagyváltósúly', 'ffi'),
(22, 'BUZA Rómeó ', 'Nagyváltósúly', 'ffi'),
(23, 'ANTAL László ', 'Nagyváltósúly', 'ffi'),
(24, 'OROYOWVE Isaac ', 'Nagyváltósúly', 'ffi'),
(25, 'NÉMETH Zsolt', 'Középsúly', 'ffi'),
(26, 'KIRÁLY Balázs ', 'Középsúly', 'ffi'),
(27, 'AKILOV Pylyp ', 'Középsúly', 'ffi'),
(28, 'MESTER Soma ', 'Középsúly', 'ffi'),
(29, 'KOVÁCS Pál ', 'Félnehézsúly', 'ffi'),
(30, 'KISS Milán ', 'Cirkálósúly', 'ffi'),
(31, 'BALOGH Dávid ', 'Cirkálósúly', 'ffi'),
(32, 'KISS Levente ', 'Nehézsúly', 'ffi'),
(33, 'SALLAI Márk ', 'Nehézsúly', 'ffi'),
(34, 'SZILVÁSSI Zsolt', 'Szupernehézsúly', 'ffi'),
(35, 'SZELECZKI Lilla ', 'Szalmasúly', 'noi'),
(36, 'MEZEI Petra ', 'Kislégsúly', 'noi'),
(37, 'HORVÁTH Kármen', 'Kislégsúly', 'noi'),
(38, 'HORVÁTH Laura ', 'Légsúly', 'noi'),
(39, 'PAP Kata', 'Légsúly', 'noi'),
(40, 'LAKOTÁR Hanna ', 'Harmatsúly', 'noi'),
(41, 'SZŰCS Szabina ', 'Pehelysúly', 'noi'),
(42, 'DOBOS Rebeka ', 'Pehelysúly', 'noi'),
(43, 'PLAJOS Dominika', 'Pehelysúly', 'noi'),
(44, 'UJVÁRI Viktória ', 'Könnyűsúly', 'noi'),
(45, 'HARCOS Zoé ', 'Könnyűsúly', 'noi'),
(46, 'DR. GYŐRFI Anna', 'Könnyűsúly', 'noi'),
(47, 'HAJDÚ Annamária ', 'Könnyűsúly', 'noi'),
(48, 'BUDAI Vivien ', 'Könnyűsúly', 'noi'),
(49, 'SZABÓ Petra ', 'Könnyűsúly', 'noi'),
(50, 'BÉLIK Tímea ', 'Kisváltósúly', 'noi'),
(51, 'NÉMETH Dominika', 'Kisváltósúly', 'noi'),
(52, 'CIFRA Diana ', 'Kisváltósúly', 'noi'),
(53, 'KOVÁCS Nikolett ', 'Nagyváltósúly', 'noi'),
(54, 'NAGY Bianka ', 'Nagyváltósúly', 'noi'),
(55, 'NAKOTA Veronika ', 'Középsúly', 'noi'),
(56, 'KOMJÁTHI Nóra', 'Félnehézsúly', 'noi'),
(57, 'HOFFMANN Réka', 'Nehézsúly', 'noi'),
(58, 'SZIRA Zsófia', 'Nehézsúly', 'noi'),
(59, ' PETAR Hicolov ', 'Kisváltósúly', 'ffi'),
(60, 'NIKOLINA Cacic', 'Pehelysúly', 'noi'),
(61, 'BOLANCA Dea', 'Könnyűsúly', 'noi'),
(62, 'ZHUSSUPOV Askhat', 'Szalmasúly', 'ffi'),
(63, 'SABIT Daniyal ', 'Légsúly', 'ffi'),
(64, 'MURATULY Kenzhe', 'Harmatsúly', 'ffi'),
(65, 'SERIKBAY Assylzhan', 'Pehelysúly', 'ffi'),
(66, 'ZHEXEN Biibars ', 'Könnyűsúly', 'ffi'),
(67, 'ZEINULINOV Yertuga ', 'Kisváltósúly', 'ffi'),
(68, 'SEITZHAN Rakhat', 'Váltósúly', 'ffi'),
(69, 'AKKALYKOV Sabirzhan', 'Nagyváltósúly', 'ffi'),
(70, 'MOLZHIGITOV Dias ', 'Középsúly', 'ffi'),
(71, 'ZHAKPEKOV Yerassyl', 'Félnehézsúly', 'ffi'),
(72, 'MUKATAYEV Temirlan ', 'Cirkálósúly', 'ffi'),
(73, 'RAKHIMBERDINOV Daniyar', 'Nehézsúly', 'ffi'),
(74, 'VLADISLAVA Kukhta', 'Könnyűsúly', 'noi'),
(75, 'ALDARKHISHEG Battulga', 'Harmatsúly', 'ffi'),
(76, 'GANKHUYAG Gan-Ezdene', 'Harmatsúly', 'ffi'),
(77, 'DURJNJAMBU Ganbold', 'Könnyűsúly', 'ffi'),
(78, 'BATTUMUR Misheelt', 'Váltósúly', 'ffi'),
(79, 'TEGHJARGAL Enkhtur ', 'Váltósúly', 'ffi'),
(80, 'OTGONBAATAR Byamba-Erdene', 'Középsúly', 'ffi'),
(81, 'KHALI Byeknur', 'Szupernehézsúly', 'ffi'),
(82, 'BALSAN Mungunsaran', 'Kislégsúly', 'noi'),
(83, 'OYUNTSETSEG Jesugen ', 'Légsúly', 'noi'),
(84, 'LUTSAIKHAN Altantsetseg ', 'Harmatsúly', 'noi'),
(85, 'TUMURKHUYAG Bolortuul', 'Pehelysúly', 'noi'),
(86, 'TUGSJARGAL Nomin-Erden', 'Pehelysúly', 'noi'),
(87, 'MUNGUNTSETSEG Enkhjargal', 'Pehelysúly', 'noi'),
(88, 'MONKHOR Namuun', 'Könnyűsúly', 'noi'),
(89, 'GANZORIG Badmaarag', 'Váltósúly', 'noi'),
(90, 'ALIM Rusterovski', 'Nagyváltósúly', 'ffi'),
(91, 'NATALIA Rok ', 'Kislégsúly', 'noi'),
(92, 'DRABIK Sandra', 'Harmatsúly', 'noi'),
(93, 'SZEREMETA Julia', 'Pehelysúly', 'noi'),
(94, 'BORYS Patrycja ', 'Könnyűsúly', 'noi'),
(95, 'ANETA Rygielska', 'Váltósúly', 'noi'),
(96, 'ELIZABETA Wojcik ', 'Középsúly', 'noi'),
(97, 'MARJAN Onuta ', 'Váltósúly', 'ffi'),
(98, 'CSISZER Ernest-Márk ', 'Szupernehézsúly', 'ffi'),
(99, 'NIKOLIC Zelyko ', 'Váltósúly', 'ffi'),
(100, 'SEIFEDDINE Letaife', 'Pehelysúly', 'ffi'),
(101, 'MILISIC Ana ', 'Pehelysúly', 'noi'),
(102, 'ANNA Jenni', 'Kisváltósúly', 'noi'),
(103, 'TYSHKOVETS Andriy', 'Szalmasúly', 'ffi'),
(104, 'CHULIACHEIEV Oleh ', 'Pehelysúly', 'ffi'),
(105, 'TSYKALO Ruslan ', 'Könnyűsúly', 'ffi'),
(106, 'ZAMORYLO Danyil ', 'Kisváltósúly', 'ffi'),
(107, 'ALIIEV Elvin', 'Váltósúly', 'ffi'),
(108, 'KHRISTOSOV Rhor', 'Váltósúly', 'ffi'),
(109, 'ZAKHARIEV Yurii', 'Nagyváltósúly', 'ffi'),
(110, 'ILLIUSHA Pavol', 'Középsúly', 'ffi'),
(111, 'KULYA Dmytro', 'Középsúly', 'ffi'),
(112, 'KOFAN Maksym ', 'Félnehézsúly', 'ffi'),
(113, 'ZHASAN Danylo', 'Cirkálósúly', 'ffi'),
(114, 'KARTSAN Arkadii ', 'Nehézsúly', 'ffi'),
(115, 'LOVCHYNSKYI Dmytro', 'Szupernehézsúly', 'ffi'),
(116, 'HRYTSIV Oleksandr', 'Szupernehézsúly', 'ffi'),
(117, 'SHALIMOVA Olha', 'Szalmasúly', 'noi'),
(118, 'KOB Tetiana ', 'Kislégsúly', 'noi'),
(119, 'MARYNCHUK Jaroslava', 'Kislégsúly', 'noi'),
(120, 'KOVALCHUK Anastasiia ', 'Harmatsúly', 'noi'),
(121, 'LAKNO Anhelia ', 'Pehelysúly', 'noi'),
(122, 'OKHREI Hanna', 'Könnyűsúly', 'noi'),
(123, 'FILIPPOVA Yuliia', 'Kisváltósúly', 'noi'),
(124, 'CHERNOKOLENKO Anastasi', 'Váltósúly', 'noi'),
(125, 'SARANIUK Anastasiia', 'Nagyváltósúly', 'noi'),
(126, 'MAKHNO Karolina ', 'Középsúly', 'noi'),
(127, 'LUSTAK Iryna', 'Félnehézsúly', 'noi'),
(128, 'LOVCHYNSKA Mariia ', 'Nehézsúly', 'noi'),
(129, ' SATTIBAYEVA Aigerim', 'Szalmasúly', 'noi'),
(130, 'RESZTAN Demie-Jade', 'Szalmasúly', 'noi'),
(131, 'SZELECZKI Lilla', 'Szalmasúly', 'noi'),
(132, 'DEMIANNENKO Yuliia', 'Szalmasúly', 'noi'),
(133, 'LOPEZ Aldana Florencia', 'Szalmasúly', 'noi'),
(134, 'RUCZEWSKA Natalia', 'Szalmasúly', 'noi'),
(135, 'KERTÉSZ Alexandra', 'Kislégsúly', 'noi'),
(136, 'MEZEI Petra', 'Kislégsúly', 'noi'),
(137, 'FLORES Tatiana', 'Kislégsúly', 'noi'),
(138, 'MARYNCHUK Yaroslava', 'Kislégsúly', 'noi'),
(139, ' PAP Kata', 'Kislégsúly', 'noi'),
(140, 'ORSZÁGI Sára', 'Kislégsúly', 'noi'),
(141, 'ROK Natalia', 'Kislégsúly', 'noi'),
(142, ' KAIVO-OJA Pihla', 'Kislégsúly', 'noi'),
(143, 'PRYMACZENKO Nikola', 'Légsúly', 'noi'),
(144, 'DAULETZHANYZY Yerkezhan', 'Légsúly', 'noi'),
(145, 'SURACI Monique', 'Légsúly', 'noi'),
(146, 'UMANSKA Svitlana', 'Légsúly', 'noi'),
(147, 'HAMZA Stela Roxana', 'Légsúly', 'noi'),
(148, 'JOKIAHO Emma', 'Légsúly', 'noi'),
(149, 'DR. BUSA Gabriella', 'Légsúly', 'noi'),
(150, ' KONSTATOPOULOU Antonia', 'Harmatsúly', 'noi'),
(151, 'JUTAMAS Jitpong', 'Harmatsúly', 'noi'),
(152, 'MILAGROS ROSARIO milagros', 'Harmatsúly', 'noi'),
(153, ' NASSER Zeina', 'Harmatsúly', 'noi'),
(154, 'ECHEGARAY Tiana', 'Harmatsúly', 'noi'),
(155, 'LAKOTÁR Hanna', 'Harmatsúly', 'noi'),
(156, 'ROGALINSKA Wiktoria', 'Harmatsúly', 'noi'),
(157, 'KOVALCHUK Anastasiia', 'Harmatsúly', 'noi'),
(158, 'DUDEK Beáta', 'Harmatsúly', 'noi'),
(159, ' DRABIK Sandra', 'Harmatsúly', 'noi'),
(160, ' ROBLES Sofia Micaela', 'Harmatsúly', 'noi'),
(161, 'CACIC Nikolina', 'Harmatsúly', 'noi'),
(162, 'TAS Canan', 'Pehelysúly', 'noi'),
(163, ' BASANETS Marianna', 'Pehelysúly', 'noi'),
(164, 'KRUK Sandra', 'Pehelysúly', 'noi'),
(165, ' SZŰCS Szabina', 'Pehelysúly', 'noi'),
(166, 'NAGY Evelin', 'Pehelysúly', 'noi'),
(167, 'RAHIMI Tina', 'Pehelysúly', 'noi'),
(168, ' MILISIC Ana Maria', 'Pehelysúly', 'noi'),
(169, ' MAKINEN Teresa', 'Pehelysúly', 'noi'),
(170, ' BOLANCA Dea', 'Pehelysúly', 'noi'),
(171, 'HOLMES Olivia', 'Pehelysúly', 'noi'),
(172, 'SULTANKYZY Saniya', 'Pehelysúly', 'noi'),
(173, ' ARI Asya', 'Pehelysúly', 'noi'),
(174, ' KUBALOVA Tamara', 'Könnyűsúly', 'noi'),
(175, 'ALEXIUSSON Agnes', 'Könnyűsúly', 'noi'),
(176, 'BÜCHNER Lena', 'Könnyűsúly', 'noi'),
(177, 'CIFRA Diána', 'Könnyűsúly', 'noi'),
(178, 'KOCIOLEK Zaklina', 'Könnyűsúly', 'noi'),
(179, 'KISS Edina', 'Könnyűsúly', 'noi'),
(180, 'SZEREMETA Julia', 'Könnyűsúly', 'noi'),
(181, 'VOLOSSENKO Rimma', 'Könnyűsúly', 'noi'),
(182, ' MEZŐVÁRI Kinga', 'Könnyűsúly', 'noi'),
(183, 'GENGLBANER Felicitas', 'Könnyűsúly', 'noi'),
(184, ' JEDINAKOVA Miroslava', 'Könnyűsúly', 'noi'),
(185, 'STAROVOITOVA Ana', 'Könnyűsúly', 'noi'),
(186, 'SCHANLON Danielle', 'Könnyűsúly', 'noi'),
(187, 'OKHREI Hanna', 'Könnyűsúly', 'noi'),
(188, 'KORETS Veronika', 'Könnyűsúly', 'noi'),
(189, 'SZABÓ Petra', 'Könnyűsúly', 'noi'),
(190, 'SAJNÓG Anna', 'Kisváltósúly', 'noi'),
(191, 'ROBINSON Hannah', 'Kisváltósúly', 'noi'),
(192, 'BUDAI Vivien', 'Kisváltósúly', 'noi'),
(193, 'YESSENKELDI Laura', 'Kisváltósúly', 'noi'),
(194, 'BOVA Mariia', 'Kisváltósúly', 'noi'),
(195, 'TÍMÁR Boglárka', 'Kisváltósúly', 'noi'),
(196, 'BOGDANOVA Natalya', 'Kisváltósúly', 'noi'),
(197, 'JANJAEM Suwannapheng', 'Kisváltósúly', 'noi'),
(198, 'DR. GYŐRFI Anna', 'Kisváltósúly', 'noi'),
(199, 'WILLIAMSON Marissa', 'Váltósúly', 'noi'),
(200, ' NIKOLOVSKI Anastasiia', 'Váltósúly', 'noi'),
(201, 'HÁMORI Luca', 'Váltósúly', 'noi'),
(202, 'RYGIELSKA Aneta', 'Váltósúly', 'noi'),
(203, 'HOLLÓSI Jázmin', 'Váltósúly', 'noi'),
(204, 'LUKAJIC Anastasija', 'Váltósúly', 'noi'),
(205, 'MÜLLER Leonie', 'Váltósúly', 'noi'),
(206, 'MERINOVA Nataliia', 'Váltósúly', 'noi'),
(207, 'SHAKIMOVA Dariga', 'Váltósúly', 'noi'),
(208, 'ASKAR Balzhan', 'Nagyváltósúly', 'noi'),
(209, 'NGAMBA Cindy', 'Nagyváltósúly', 'noi'),
(210, 'GAJIC Nikolina', 'Nagyváltósúly', 'noi'),
(211, 'LAKOS Regina', 'Nagyváltósúly', 'noi'),
(212, 'PEREZ Lucia Noelia', 'Nagyváltósúly', 'noi'),
(213, 'BAYAZITOVA Anastassiya', 'Középsúly', 'noi'),
(214, 'TOBOREK Olivia', 'Középsúly', 'noi'),
(215, 'WÓJCIK Elzbieta', 'Középsúly', 'noi'),
(216, 'NAGY Tímea', 'Középsúly', 'noi'),
(217, 'MARCINKOWSKA Barbara', 'Középsúly', 'noi'),
(218, 'CHERNOKOLENKO Anastasiia', 'Középsúly', 'noi'),
(219, 'PARKER Caitlin', 'Középsúly', 'noi'),
(220, ' MICHEL Davina', 'Középsúly', 'noi'),
(221, 'PERGOLITI Lekeisha', 'Középsúly', 'noi'),
(222, 'BAISON Manikon', 'Középsúly', 'noi'),
(223, 'SCHÖNBERGER Irina', 'Középsúly', 'noi'),
(224, 'ZHARASKYZY Zhibek', 'Középsúly', 'noi'),
(225, 'KRYSYNK Olesia', 'Félnehézsúly', 'noi'),
(226, 'BOROS Petra', 'Félnehézsúly', 'noi'),
(227, 'LESINKYTE Iveta', 'Félnehézsúly', 'noi'),
(228, 'FREENTREE Emma-Sue', 'Félnehézsúly', 'noi'),
(229, 'AXENOVA Valeriya', 'Nehézsúly', 'noi'),
(230, 'HOFFMANN Réka', 'Nehézsúly', 'noi'),
(231, 'KACZMARSKA Agata', 'Nehézsúly', 'noi'),
(232, 'ISLAMBEKOVA Dina', 'Nehézsúly', 'noi'),
(233, 'LOVCHYNSKA Mariia', 'Nehézsúly', 'noi'),
(234, 'AMANKUL Uulu Asybek', 'Szalmasúly', 'ffi'),
(235, 'TYSHKOVETS Andriy', 'Szalmasúly', 'ffi'),
(236, 'TURAL Sariyev', 'Szalmasúly', 'ffi'),
(237, 'BEKMURODOV Doniyor', 'Szalmasúly', 'ffi'),
(238, 'ZHUSSPOV Temirats', 'Szalmasúly', 'ffi'),
(239, 'GOMAN Christopher', 'Légsúly', 'ffi'),
(240, 'ALIJONOV Ziyovuddin', 'Légsúly', 'ffi'),
(241, 'ABDIKADYR Damir', 'Légsúly', 'ffi'),
(242, 'HASAN Malikov', 'Légsúly', 'ffi'),
(243, 'DIUSHEBAEV Nurzhigit', 'Légsúly', 'ffi'),
(244, 'IBRAHIM Salah', 'Légsúly', 'ffi'),
(245, 'MEHMOOD Hamza', 'Légsúly', 'ffi'),
(246, 'BERNÁTH Attila', 'Légsúly', 'ffi'),
(247, 'ZAMOTAYEV Dmytro', 'Légsúly', 'ffi'),
(248, 'QUIROGA Ramon Nicanor', 'Légsúly', 'ffi'),
(249, 'PANDAY Sandip', 'Légsúly', 'ffi'),
(250, 'SZAKA István', 'Harmatsúly', 'ffi'),
(251, 'KOVALENKO Pavlo', 'Harmatsúly', 'ffi'),
(252, 'HAFIZ Miraz', 'Harmatsúly', 'ffi'),
(253, 'JURAEV Oybek', 'Harmatsúly', 'ffi'),
(254, 'MOLDASHEV Daulet', 'Harmatsúly', 'ffi'),
(255, 'NORTOJIEV Khujanazar', 'Harmatsúly', 'ffi'),
(256, 'SHEMEZA Emmanuel', 'Harmatsúly', 'ffi'),
(257, 'KATONA Tibor', 'Harmatsúly', 'ffi'),
(258, 'NIJAT Huseynov', 'Harmatsúly', 'ffi'),
(259, 'BERNÁTH László', 'Harmatsúly', 'ffi'),
(260, 'VIRBÁN Gábor', 'Harmatsúly', 'ffi'),
(261, 'ABDURAIMER Aider', 'Harmatsúly', 'ffi'),
(262, 'ADAMS Billy', 'Harmatsúly', 'ffi'),
(263, 'AZRAK Babirov', 'Harmatsúly', 'ffi'),
(264, 'TEMIRZHANOV Serik', 'Harmatsúly', 'ffi'),
(265, 'KHOLMURODOV Samandar', 'Harmatsúly', 'ffi'),
(266, 'IWANOW Jaroslaw', 'Harmatsúly', 'ffi'),
(267, 'HANSEN Ouisanou', 'Harmatsúly', 'ffi'),
(268, 'VERES Roland', 'Harmatsúly', 'ffi'),
(269, 'BONDARCHUK Taras', 'Harmatsúly', 'ffi'),
(270, 'SENIOR Charlie', 'Harmatsúly', 'ffi'),
(271, 'CHULYACHEYER Oleg', 'Harmatsúly', 'ffi'),
(272, 'SUKTHET Sarawut', 'Harmatsúly', 'ffi'),
(273, 'BUNDOVICS István', 'Harmatsúly', 'ffi'),
(274, 'KOVÁCS Kruzitó', 'Harmatsúly', 'ffi'),
(275, 'SEIDEKMATOV Sanzha', 'Harmatsúly', 'ffi'),
(276, 'VASILE Usturoi', 'Harmatsúly', 'ffi'),
(277, 'ASADOV Bakhtiyor', 'Harmatsúly', 'ffi'),
(278, 'SEIITBEK Uulu Manurbek', 'Könnyűsúly', 'ffi'),
(279, 'TAGAYBAEV Aydos', 'Könnyűsúly', 'ffi'),
(280, 'HADI Hadrous', 'Könnyűsúly', 'ffi'),
(281, 'ZZIWA Fred', 'Könnyűsúly', 'ffi'),
(282, 'BALOG Márk', 'Könnyűsúly', 'ffi'),
(283, 'RÓMAI Ruben', 'Könnyűsúly', 'ffi'),
(284, 'TADEJ Cemoga', 'Könnyűsúly', 'ffi'),
(285, 'TÓTH-SZABÓ Vilmos', 'Könnyűsúly', 'ffi'),
(286, 'MELLA Péter', 'Könnyűsúly', 'ffi'),
(287, 'TOLTAYEV Samatali', 'Könnyűsúly', 'ffi'),
(288, 'BADER Ilia', 'Könnyűsúly', 'ffi'),
(289, 'LICUL Patrik', 'Könnyűsúly', 'ffi'),
(290, ' LETAIEF Seifeddine', 'Könnyűsúly', 'ffi'),
(291, 'YILDIRIM Murat', 'Könnyűsúly', 'ffi'),
(292, 'DZIAZKO Mykhailo', 'Könnyűsúly', 'ffi'),
(293, 'BEKTENOV Ryspek', 'Kisváltósúly', 'ffi'),
(294, 'PIDNUCH Khunatip', 'Kisváltósúly', 'ffi'),
(295, 'TOLTAYEV Sanatal', 'Kisváltósúly', 'ffi'),
(296, 'ARFA Yassine', 'Kisváltósúly', 'ffi'),
(297, 'KHARTSYZ Yaroslav', 'Kisváltósúly', 'ffi'),
(298, 'DAWIEC Michal', 'Kisváltósúly', 'ffi'),
(299, 'JALAL Gurbanov', 'Kisváltósúly', 'ffi'),
(300, 'Natalia Kuczewska', 'Kislégsúly', 'noi'),
(301, 'GKEVORGKIAN David', 'Kisváltósúly', 'ffi'),
(302, 'ZAMORYLO Danyil', 'Kisváltósúly', 'ffi'),
(303, 'TYERS Joseph', 'Kisváltósúly', 'ffi'),
(304, ' KOVÁCS Richárd', 'Kisváltósúly', 'ffi'),
(305, 'LAVRENOVAS Andriejus', 'Kisváltósúly', 'ffi'),
(306, 'AZZEDINE Mehdaoui', 'Kisváltósúly', 'ffi'),
(307, 'JELACIC Marin', 'Kisváltósúly', 'ffi'),
(308, 'ORBÁN Adrián', 'Kisváltósúly', 'ffi'),
(309, 'HANSEN Assan', 'Kisváltósúly', 'ffi'),
(310, 'Mc CLERY Max', 'Kisváltósúly', 'ffi'),
(311, 'TALAIBEKOV Zhakshylyk', 'Váltósúly', 'ffi'),
(312, 'ALAGIC Deni', 'Váltósúly', 'ffi'),
(313, 'MYKHALUSHKO Yaroslav', 'Váltósúly', 'ffi'),
(314, 'CSÖNGE Botond', 'Váltósúly', 'ffi'),
(315, 'NEJC Petric', 'Váltósúly', 'ffi'),
(316, 'BUZA Rafael', 'Váltósúly', 'ffi'),
(317, 'MEIER Félix', 'Váltósúly', 'ffi'),
(318, 'DANYI Dániel', 'Váltósúly', 'ffi'),
(319, 'BEKBAUOV Dulat', 'Váltósúly', 'ffi'),
(320, 'CHABYAN Arsen', 'Váltósúly', 'ffi'),
(321, 'MAFAUAD Joel Marcos', 'Váltósúly', 'ffi'),
(322, 'GARSIDE Harry', 'Váltósúly', 'ffi'),
(323, 'BEKMURODOV Bekzod', 'Váltósúly', 'ffi'),
(324, 'SOQUESSA Kelvin', 'Váltósúly', 'ffi'),
(325, 'FODOR Milán', 'Váltósúly', 'ffi'),
(326, 'ZAKHARIE Vyurii', 'Nagyváltósúly', 'ffi'),
(327, 'JANKÓ Krisztián', 'Nagyváltósúly', 'ffi'),
(328, 'HORVATH Ladislac', 'Nagyváltósúly', 'ffi'),
(329, 'DURKACZ Damian', 'Nagyváltósúly', 'ffi'),
(330, 'KROTTER Deniel', 'Nagyváltósúly', 'ffi'),
(331, 'YEASUNGNOEN Peerapat', 'Nagyváltósúly', 'ffi'),
(332, 'TURGONBOEV Komronbek', 'Nagyváltósúly', 'ffi'),
(333, 'BORG Mark', 'Nagyváltósúly', 'ffi'),
(334, 'DAVEY Shannan', 'Nagyváltósúly', 'ffi'),
(335, 'ZHAKPEKOV Yermakhan', 'Nagyváltósúly', 'ffi'),
(336, 'RASHID Hasanov', 'Nagyváltósúly', 'ffi'),
(337, 'ABDYZHAPAR Uulu Syrgak', 'Nagyváltósúly', 'ffi'),
(338, 'SCHACHIDOV Magomed', 'Nagyváltósúly', 'ffi'),
(339, 'AVDIC Esad', 'Nagyváltósúly', 'ffi'),
(340, 'GERZSENYI István', 'Nagyváltósúly', 'ffi'),
(341, 'PYLYPEC Maksim', 'Nagyváltósúly', 'ffi'),
(342, 'EMMANUEL Rytersson', 'Nagyváltósúly', 'ffi'),
(343, 'ANTHONY Kakukila', 'Nagyváltósúly', 'ffi'),
(344, 'KNEZEVIC Petar Kresimir', 'Nagyváltósúly', 'ffi'),
(345, 'MOLODAN Maksym', 'Nagyváltósúly', 'ffi'),
(346, 'PETERS Callum', 'Középsúly', 'ffi'),
(347, 'TROFIMCUK Aleksandr', 'Középsúly', 'ffi'),
(348, 'TAKIZHANOV Ayatulla', 'Középsúly', 'ffi'),
(349, 'DAMIRDIN Uulu Daniiar', 'Középsúly', 'ffi'),
(350, 'HADJIT Noa', 'Középsúly', 'ffi'),
(351, 'PAPAKIN Ivan', 'Középsúly', 'ffi'),
(352, 'CSERVENKA Róbert', 'Középsúly', 'ffi'),
(353, 'BARTL Milos', 'Középsúly', 'ffi'),
(354, 'OUSSAMA Berkouat', 'Középsúly', 'ffi'),
(355, 'DEBANIC Gabrijel', 'Középsúly', 'ffi'),
(356, 'AKYLOV Pylyp', 'Középsúly', 'ffi'),
(357, 'MOLINARO Dominic', 'Középsúly', 'ffi'),
(358, 'BEKZHIGIT Uulu Omurbek', 'Félnehézsúly', 'ffi'),
(359, 'SAMUEL Hickey', 'Félnehézsúly', 'ffi'),
(360, 'KAZAKEVICIUS Arnas', 'Félnehézsúly', 'ffi'),
(361, 'DERDA Kacper', 'Félnehézsúly', 'ffi'),
(362, 'MAJD Alsapadi', 'Félnehézsúly', 'ffi'),
(363, 'SCHUMANN Kevin-Boakyen', 'Félnehézsúly', 'ffi'),
(364, 'KHABIBULLAEV Turabek', 'Félnehézsúly', 'ffi'),
(365, 'MEINL Marcel', 'Félnehézsúly', 'ffi'),
(366, 'EIS Ben', 'Félnehézsúly', 'ffi'),
(367, 'KOVÁCS Pál', 'Félnehézsúly', 'ffi'),
(368, 'MATONDO Manuel', 'Félnehézsúly', 'ffi'),
(369, 'KHYZHNIAK Oleksandr', 'Félnehézsúly', 'ffi'),
(370, 'LIORANCAS Robertas', 'Félnehézsúly', 'ffi'),
(371, 'BURES Tomas', 'Félnehézsúly', 'ffi'),
(372, 'ORALBAY Nurbek', 'Félnehézsúly', 'ffi'),
(373, 'CROTTY George', 'Félnehézsúly', 'ffi'),
(374, 'VÁNCZKU Attila', 'Félnehézsúly', 'ffi'),
(375, 'NYSTEDT Nikita', 'Félnehézsúly', 'ffi'),
(376, 'BOYMATOV Rakhmatullo', 'Félnehézsúly', 'ffi'),
(377, 'PLANTIC Damir', 'Félnehézsúly', 'ffi'),
(378, 'KREKÓ István', 'Félnehézsúly', 'ffi'),
(379, ' VLADIMIR Mironcikov', 'Félnehézsúly', 'ffi'),
(380, 'KAMRAN Shakhsuvarly', 'Félnehézsúly', 'ffi'),
(381, 'SHIERLE Silvio', 'Félnehézsúly', 'ffi'),
(382, ' RUSTON Kirra', 'Félnehézsúly', 'ffi'),
(383, 'DADAEV Delil', 'Félnehézsúly', 'ffi'),
(384, 'KUSSAINOV Shaimurat', 'Cirkálósúly', 'ffi'),
(385, 'McALLISTER Billy', 'Cirkálósúly', 'ffi'),
(386, 'LEGENASSE Idris', 'Cirkálósúly', 'ffi'),
(387, 'DUDENAS Arunas', 'Cirkálósúly', 'ffi'),
(388, 'ADYLBEK Uulu Erkin', 'Cirkálósúly', 'ffi'),
(389, 'BERI Kevin', 'Cirkálósúly', 'ffi'),
(390, 'NIEDZWIECKI Tomasz', 'Cirkálósúly', 'ffi'),
(391, 'TOLMACHOV Bogdan', 'Cirkálósúly', 'ffi'),
(392, 'DJALOLOV Samandar', 'Cirkálósúly', 'ffi'),
(393, 'HORSKOV Sernii', 'Nehézsúly', 'ffi'),
(394, 'HRIVNÁK Pavol', 'Nehézsúly', 'ffi'),
(395, 'ELDAR Guliev', 'Nehézsúly', 'ffi'),
(396, 'PRATLJACIC Marko', 'Nehézsúly', 'ffi'),
(397, 'URBONAVICIUS Simonas', 'Nehézsúly', 'ffi'),
(398, 'ORALBAY Aibek', 'Nehézsúly', 'ffi'),
(399, 'OKAFOR Alexander', 'Nehézsúly', 'ffi'),
(400, 'GENTI Morina', 'Nehézsúly', 'ffi'),
(401, 'VOISNAROVIC Darius', 'Nehézsúly', 'ffi'),
(402, 'TURSUNOV Sanjar', 'Nehézsúly', 'ffi'),
(403, 'BARACSI Dániel', 'Nehézsúly', 'ffi'),
(404, 'ABDULJABBAR Ammar', 'Nehézsúly', 'ffi'),
(405, 'BROWN Patrick', 'Nehézsúly', 'ffi'),
(406, 'SAIDOULAEV Khamzat', 'Nehézsúly', 'ffi'),
(407, 'ENYI Ikenna', 'Nehézsúly', 'ffi'),
(408, 'KARSTAN Arkadii', 'Nehézsúly', 'ffi'),
(409, 'OGBO Victor', 'Szupernehézsúly', 'ffi'),
(410, 'ABOUDOU Moindze Djamili', 'Szupernehézsúly', 'ffi'),
(411, 'PINC Martin', 'Szupernehézsúly', 'ffi'),
(412, 'TEREMOANA Teremoana', 'Szupernehézsúly', 'ffi'),
(413, 'BANIULIS Algirdas', 'Szupernehézsúly', 'ffi'),
(414, 'MILUN Marko', 'Szupernehézsúly', 'ffi'),
(415, 'LOVCHYNSKYI Dmytro', 'Szupernehézsúly', 'ffi'),
(416, 'STOIANEHER Kyrylo', 'Szupernehézsúly', 'ffi'),
(417, 'FELFÖLDI László', 'Szupernehézsúly', 'ffi'),
(418, 'SAFARYAN Oskar', 'Szupernehézsúly', 'ffi'),
(419, 'JAAZEVICIUS Jonas', 'Szupernehézsúly', 'ffi'),
(420, 'PUTILOV Nikita', 'Szupernehézsúly', 'ffi'),
(421, 'LAKATOS Kevin', 'Szupernehézsúly', 'ffi'),
(422, 'TOIBAY Damir', 'Szupernehézsúly', 'ffi'),
(423, 'VAZ Maxime', 'Szupernehézsúly', 'ffi');

-- --------------------------------------------------------

--
-- Tábla szerkezet ehhez a táblához `versenyzok`
--

CREATE TABLE `versenyzok` (
  `versenyzoid` int(11) NOT NULL,
  `vnev` varchar(35) COLLATE utf8_hungarian_ci NOT NULL,
  `nem` varchar(35) COLLATE utf8_hungarian_ci NOT NULL,
  `nemzetiseg` varchar(35) COLLATE utf8_hungarian_ci NOT NULL,
  `szul_ev` int(11) DEFAULT NULL
) ENGINE=InnoDB DEFAULT CHARSET=utf8 COLLATE=utf8_hungarian_ci;

--
-- A tábla adatainak kiíratása `versenyzok`
--

INSERT INTO `versenyzok` (`versenyzoid`, `vnev`, `nem`, `nemzetiseg`, `szul_ev`) VALUES
(1, 'ZSIGÓ Csaba', 'ffi', 'HUN', NULL),
(2, 'BERNÁTH Imre', 'ffi', 'HUN', NULL),
(3, 'BERNÁTH Attila', 'ffi', 'HUN', 2000),
(4, 'BERNÁTH László', 'ffi', 'HUN', NULL),
(5, 'VIRBÁN Gábor', 'ffi', 'HUN', NULL),
(6, 'LAKATOS Péter', 'ffi', 'HUN', NULL),
(7, 'KOLOSZÁR Valentin ', 'ffi', 'HUN', NULL),
(8, 'VERES Roland', 'ffi', 'HUN', 1999),
(9, 'GÁLOS Roland ', 'ffi', 'HUN', 1996),
(10, 'KOVÁCS Kruzitó', 'ffi', 'HUN', 2005),
(11, 'BERNÁTH Dávid', 'ffi', 'HUN', NULL),
(12, 'SZABÓ Sándor', 'ffi', 'HUN', 2005),
(13, 'BUDAI Máté ', 'ffi', 'HUN', NULL),
(14, 'KOVÁCS Richárd', 'ffi', 'HUN', NULL),
(15, 'KOVÁCS Tamás ', 'ffi', 'HUN', NULL),
(16, 'TÓTH-SZABÓ Vilmos ', 'ffi', 'HUN', NULL),
(17, 'JARMY Tamás', 'ffi', 'HUN', NULL),
(18, 'MAJOR Milán', 'ffi', 'HUN', 2003),
(19, 'BUZA Rafael', 'ffi', 'HUN', 2005),
(20, 'PETRIMÁN Milán', 'ffi', 'HUN', NULL),
(21, 'GÉMES Levente ', 'ffi', 'HUN', 2006),
(22, 'BUZA Rómeó ', 'ffi', 'HUN', NULL),
(23, 'ANTAL László ', 'ffi', 'HUN', NULL),
(24, 'OROYOWVE Isaac ', 'ffi', 'HUN', NULL),
(25, 'NÉMETH Zsolt', 'ffi', 'HUN', NULL),
(26, 'KIRÁLY Balázs ', 'ffi', 'HUN', NULL),
(27, 'AKILOV Pylyp ', 'ffi', 'HUN', 2000),
(28, 'MESTER Soma ', 'ffi', 'HUN', 2002),
(29, 'KOVÁCS Pál ', 'ffi', 'HUN', 1996),
(30, 'KISS Milán ', 'ffi', 'HUN', NULL),
(31, 'BALOGH Dávid ', 'ffi', 'HUN', NULL),
(32, 'KISS Levente ', 'ffi', 'HUN', 2003),
(33, 'SALLAI Márk ', 'ffi', 'HUN', 1993),
(34, 'SZILVÁSSI Zsolt', 'ffi', 'HUN', NULL),
(35, 'SZELECZKI Lilla ', 'noi', 'HUN', NULL),
(36, 'MEZEI Petra ', 'noi', 'HUN', NULL),
(37, 'HORVÁTH Kármen', 'noi', 'HUN', 2006),
(38, 'HORVÁTH Laura ', 'noi', 'HUN', 2006),
(39, 'PAP Kata', 'noi', 'HUN', 2005),
(40, 'LAKOTÁR Hanna ', 'noi', 'HUN', 2002),
(41, 'SZŰCS Szabina ', 'noi', 'HUN', 1993),
(42, 'DOBOS Rebeka ', 'noi', 'HUN', NULL),
(43, 'PLAJOS Dominika', 'noi', 'HUN', NULL),
(44, 'UJVÁRI Viktória ', 'noi', 'HUN', NULL),
(45, 'HARCOS Zoé ', 'noi', 'HUN', NULL),
(46, 'DR. GYŐRFI Anna', 'noi', 'HUN', NULL),
(47, 'HAJDÚ Annamária ', 'noi', 'HUN', NULL),
(48, 'BUDAI Vivien ', 'noi', 'HUN', 2000),
(49, 'SZABÓ Petra ', 'noi', 'HUN', NULL),
(50, 'BÉLIK Tímea ', 'noi', 'HUN', 1993),
(51, 'NÉMETH Dominika', 'noi', 'HUN', NULL),
(52, 'CIFRA Diana ', 'noi', 'HUN', NULL),
(53, 'KOVÁCS Nikolett ', 'noi', 'HUN', 2005),
(54, 'NAGY Bianka ', 'noi', 'HUN', 1989),
(55, 'NAKOTA Veronika ', 'noi', 'HUN', 2005),
(56, 'KOMJÁTHI Nóra', 'noi', 'HUN', NULL),
(57, 'HOFFMANN Réka', 'noi', 'HUN', 2003),
(58, 'SZIRA Zsófia', 'noi', 'HUN', NULL),
(59, ' PETAR Hicolov ', 'ffi', 'BUL', NULL),
(60, 'NIKOLINA Cacic', 'noi', 'CRO', 2001),
(61, 'BOLANCA Dea', 'noi', 'CRO', NULL),
(62, 'ZHUSSUPOV Askhat', 'ffi', 'KAZ', 1998),
(63, 'SABIT Daniyal ', 'ffi', 'KAZ', 2003),
(64, 'MURATULY Kenzhe', 'ffi', 'KAZ', NULL),
(65, 'SERIKBAY Assylzhan', 'ffi', 'KAZ', NULL),
(66, 'ZHEXEN Biibars ', 'ffi', 'KAZ', 2002),
(67, 'ZEINULINOV Yertuga ', 'ffi', 'KAZ', NULL),
(68, 'SEITZHAN Rakhat', 'ffi', 'KAZ', 2001),
(69, 'AKKALYKOV Sabirzhan', 'ffi', 'KAZ', 2002),
(70, 'MOLZHIGITOV Dias ', 'ffi', 'KAZ', 2003),
(71, 'ZHAKPEKOV Yerassyl', 'ffi', 'KAZ', NULL),
(72, 'MUKATAYEV Temirlan ', 'ffi', 'KAZ', 2004),
(73, 'RAKHIMBERDINOV Daniyar', 'ffi', 'KAZ', NULL),
(74, 'VLADISLAVA Kukhta', 'noi', 'KAZ', 2000),
(75, 'ALDARKHISHEG Battulga', 'ffi', 'MGL', NULL),
(76, 'GANKHUYAG Gan-Ezdene', 'ffi', 'MGL', NULL),
(77, 'DURJNJAMBU Ganbold', 'ffi', 'MGL', NULL),
(78, 'BATTUMUR Misheelt', 'ffi', 'MGL', 1998),
(79, 'TEGHJARGAL Enkhtur ', 'ffi', 'MGL', 2002),
(80, 'OTGONBAATAR Byamba-Erdene', 'ffi', 'MGL', 1997),
(81, 'KHALI Byeknur', 'ffi', 'MGL', 1995),
(82, 'BALSAN Mungunsaran', 'noi', 'MGL', 2000),
(83, 'OYUNTSETSEG Jesugen ', 'noi', 'MGL', 2001),
(84, 'LUTSAIKHAN Altantsetseg ', 'noi', 'MGL', 1996),
(85, 'TUMURKHUYAG Bolortuul', 'noi', 'MGL', 1988),
(86, 'TUGSJARGAL Nomin-Erden', 'noi', 'MGL', 2004),
(87, 'MUNGUNTSETSEG Enkhjargal', 'noi', 'MGL', 2000),
(88, 'MONKHOR Namuun', 'noi', 'MGL', 2000),
(89, 'GANZORIG Badmaarag', 'noi', 'MGL', 2003),
(90, 'ALIM Rusterovski', 'ffi', 'MKD', NULL),
(91, 'NATALIA Rok ', 'noi', 'POL', 1995),
(92, 'DRABIK Sandra', 'noi', 'POL', NULL),
(93, 'SZEREMETA Julia', 'noi', 'POL', NULL),
(94, 'BORYS Patrycja ', 'noi', 'POL', 2000),
(95, 'ANETA Rygielska', 'noi', 'POL', 1996),
(96, 'ELIZABETA Wojcik ', 'noi', 'POL', 1996),
(97, 'MARJAN Onuta ', 'ffi', 'ROU', NULL),
(98, 'CSISZER Ernest-Márk ', 'ffi', 'ROU', NULL),
(99, 'NIKOLIC Zelyko ', 'noi', 'SRB', NULL),
(100, 'SEIFEDDINE Letaife', 'ffi', 'SUI', 2003),
(101, 'MILISIC Ana ', 'noi', 'SUI', 1996),
(102, 'ANNA Jenni', 'noi', 'SUI', 1995),
(103, 'TYSHKOVETS Andriy', 'ffi', 'UKR', 1998),
(104, 'CHULIACHEIEV Oleh ', 'ffi', 'UKR', 1999),
(105, 'TSYKALO Ruslan ', 'ffi', 'UKR', 2004),
(106, 'ZAMORYLO Danyil ', 'ffi', 'UKR', NULL),
(107, 'ALIIEV Elvin', 'ffi', 'UKR', 2002),
(108, 'KHRISTOSOV Rhor', 'ffi', 'UKR', NULL),
(109, 'ZAKHARIEV Yurii', 'ffi', 'UKR', 2003),
(110, 'ILLIUSHA Pavol', 'ffi', 'UKR', NULL),
(111, 'KULYA Dmytro', 'ffi', 'UKR', 2000),
(112, 'KOFAN Maksym ', 'ffi', 'UKR', NULL),
(113, 'ZHASAN Danylo', 'ffi', 'UKR', 1999),
(114, 'KARTSAN Arkadii ', 'ffi', 'UKR', 2000),
(115, 'LOVCHYNSKYI Dmytro', 'ffi', 'UKR', 1999),
(116, 'HRYTSIV Oleksandr', 'ffi', 'UKR', 2000),
(117, 'SHALIMOVA Olha', 'noi', 'UKR', 2001),
(118, 'KOB Tetiana ', 'noi', 'UKR', 1988),
(119, 'MARYNCHUK Jaroslava', 'noi', 'UKR', NULL),
(120, 'KOVALCHUK Anastasiia ', 'noi', 'UKR', 1999),
(121, 'LAKNO Anhelia ', 'noi', 'UKR', NULL),
(122, 'OKHREI Hanna', 'noi', 'UKR', 1991),
(123, 'FILIPPOVA Yuliia', 'noi', 'UKR', 2004),
(124, 'CHERNOKOLENKO Anastasi', 'noi', 'UKR', 1994),
(125, 'SARANIUK Anastasiia', 'noi', 'UKR', 2006),
(126, 'MAKHNO Karolina ', 'noi', 'UKR', 2000),
(127, 'LUSTAK Iryna', 'noi', 'UKR', 2006),
(128, 'LOVCHYNSKA Mariia ', 'noi', 'UKR', 2001),
(129, ' SATTIBAYEVA Aigerim', 'noi', 'KAZ', NULL),
(130, 'RESZTAN Demie-Jade', 'noi', 'ENG', NULL),
(131, 'SZELECZKI Lilla', 'noi', 'HUN', NULL),
(132, 'DEMIANNENKO Yuliia', 'noi', 'UKR', NULL),
(133, 'LOPEZ Aldana Florencia', 'noi', 'ARG', NULL),
(134, 'RUCZEWSKA Natalia', 'noi', 'POL', NULL),
(135, 'KERTÉSZ Alexandra', 'noi', 'HUN', NULL),
(136, 'MEZEI Petra', 'noi', 'HUN', NULL),
(137, 'FLORES Tatiana', 'noi', 'ARG', NULL),
(138, 'MARYNCHUK Yaroslava', 'noi', 'UKR', NULL),
(139, ' PAP Kata', 'noi', 'HUN', NULL),
(140, 'ORSZÁGI Sára', 'noi', 'HUN', NULL),
(141, 'ROK Natalia', 'noi', 'POL', NULL),
(142, ' KAIVO-OJA Pihla', 'noi', 'FIN', NULL),
(143, 'PRYMACZENKO Nikola', 'noi', 'POL', NULL),
(144, 'DAULETZHANYZY Yerkezhan', 'noi', 'KAZ', NULL),
(145, 'SURACI Monique', 'noi', 'AUS', NULL),
(146, 'UMANSKA Svitlana', 'noi', 'UKR', NULL),
(147, 'HAMZA Stela Roxana', 'noi', 'ROU', NULL),
(148, 'JOKIAHO Emma', 'noi', 'FIN', NULL),
(149, 'DR. BUSA Gabriella', 'noi', 'HUN', NULL),
(150, ' KONSTATOPOULOU Antonia', 'noi', 'AUS', NULL),
(151, 'JUTAMAS Jitpong', 'noi', 'THA', NULL),
(152, 'MILAGROS ROSARIO milagros', 'noi', 'ARG', NULL),
(153, ' NASSER Zeina', 'noi', 'GER', NULL),
(154, 'ECHEGARAY Tiana', 'noi', 'AUS', NULL),
(155, 'LAKOTÁR Hanna', 'noi', 'HUN', NULL),
(156, 'ROGALINSKA Wiktoria', 'noi', 'POL', NULL),
(157, 'KOVALCHUK Anastasiia', 'noi', 'UKR', NULL),
(158, 'DUDEK Beáta', 'noi', 'HUN', NULL),
(159, ' DRABIK Sandra', 'noi', 'POL', NULL),
(160, ' ROBLES Sofia Micaela', 'noi', 'ARG', NULL),
(161, 'CACIC Nikolina', 'noi', 'CRO', NULL),
(162, 'TAS Canan', 'noi', 'GER', NULL),
(163, ' BASANETS Marianna', 'noi', 'UKR', NULL),
(164, 'KRUK Sandra', 'noi', 'POL', NULL),
(165, ' SZŰCS Szabina', 'noi', 'HUN', NULL),
(166, 'NAGY Evelin', 'noi', 'HUN', NULL),
(167, 'RAHIMI Tina', 'noi', 'AUS', NULL),
(168, ' MILISIC Ana Maria', 'noi', 'SUI', NULL),
(169, ' MAKINEN Teresa', 'noi', 'FIN', NULL),
(170, ' BOLANCA Dea', 'noi', 'CRO', NULL),
(171, 'HOLMES Olivia', 'noi', 'ENG', NULL),
(172, 'SULTANKYZY Saniya', 'noi', 'KAZ', NULL),
(173, ' ARI Asya', 'noi', 'GER', NULL),
(174, ' KUBALOVA Tamara', 'noi', 'SVK', NULL),
(175, 'ALEXIUSSON Agnes', 'noi', 'SWE', NULL),
(176, 'BÜCHNER Lena', 'noi', 'GER', NULL),
(177, 'CIFRA Diána', 'noi', 'HUN', NULL),
(178, 'KOCIOLEK Zaklina', 'noi', 'POL', NULL),
(179, 'KISS Edina', 'noi', 'HUN', NULL),
(180, 'SZEREMETA Julia', 'noi', 'POL', NULL),
(181, 'VOLOSSENKO Rimma', 'noi', 'KAZ', NULL),
(182, ' MEZŐVÁRI Kinga', 'noi', 'HUN', NULL),
(183, 'GENGLBANER Felicitas', 'noi', 'GER', NULL),
(184, ' JEDINAKOVA Miroslava', 'noi', 'SVK', NULL),
(185, 'STAROVOITOVA Ana', 'noi', 'LTU', NULL),
(186, 'SCHANLON Danielle', 'noi', 'AUS', NULL),
(187, 'OKHREI Hanna', 'noi', 'UKR', NULL),
(188, 'KORETS Veronika', 'noi', 'UKR', NULL),
(189, 'SZABÓ Petra', 'noi', 'HUN', NULL),
(190, 'SAJNÓG Anna', 'noi', 'POL', NULL),
(191, 'ROBINSON Hannah', 'noi', 'ENG', NULL),
(192, 'BUDAI Vivien', 'noi', 'HUN', NULL),
(193, 'YESSENKELDI Laura', 'noi', 'KAZ', NULL),
(194, 'BOVA Mariia', 'noi', 'UKR', NULL),
(195, 'TÍMÁR Boglárka', 'noi', 'HUN', NULL),
(196, 'BOGDANOVA Natalya', 'noi', 'KAZ', NULL),
(197, 'JANJAEM Suwannapheng', 'noi', 'THA', NULL),
(198, 'DR. GYŐRFI Anna', 'noi', 'HUN', NULL),
(199, 'WILLIAMSON Marissa', 'noi', 'AUS', NULL),
(200, ' NIKOLOVSKI Anastasiia', 'noi', 'SRB', NULL),
(201, 'HÁMORI Luca', 'noi', 'HUN', NULL),
(202, 'RYGIELSKA Aneta', 'noi', 'POL', NULL),
(203, 'HOLLÓSI Jázmin', 'noi', 'HUN', NULL),
(204, 'LUKAJIC Anastasija', 'noi', 'AUT', NULL),
(205, 'MÜLLER Leonie', 'noi', 'GER', NULL),
(206, 'MERINOVA Nataliia', 'noi', 'UKR', NULL),
(207, 'SHAKIMOVA Dariga', 'noi', 'KAZ', NULL),
(208, 'ASKAR Balzhan', 'noi', 'KAZ', NULL),
(209, 'NGAMBA Cindy', 'noi', 'ENG', NULL),
(210, 'GAJIC Nikolina', 'noi', 'SRB', NULL),
(211, 'LAKOS Regina', 'noi', 'HUN', NULL),
(212, 'PEREZ Lucia Noelia', 'noi', 'ARG', NULL),
(213, 'BAYAZITOVA Anastassiya', 'noi', 'KAz', NULL),
(214, 'TOBOREK Olivia', 'noi', 'POL', NULL),
(215, 'WÓJCIK Elzbieta', 'noi', 'POL', NULL),
(216, 'NAGY Tímea', 'noi', 'HUN', NULL),
(217, 'MARCINKOWSKA Barbara', 'noi', 'POL', NULL),
(218, 'CHERNOKOLENKO Anastasiia', 'noi', 'UKR', NULL),
(219, 'PARKER Caitlin', 'noi', 'AUS', NULL),
(220, ' MICHEL Davina', 'noi', 'FRA', NULL),
(221, 'PERGOLITI Lekeisha', 'noi', 'AUS', NULL),
(222, 'BAISON Manikon', 'noi', 'THA', NULL),
(223, 'SCHÖNBERGER Irina', 'noi', 'GER', NULL),
(224, 'ZHARASKYZY Zhibek', 'noi', 'KAZ', NULL),
(225, 'KRYSYNK Olesia', 'noi', 'UKR', NULL),
(226, 'BOROS Petra', 'noi', 'HUN', NULL),
(227, 'LESINKYTE Iveta', 'noi', 'LTU', NULL),
(228, 'FREENTREE Emma-Sue', 'noi', 'AUS', NULL),
(229, 'AXENOVA Valeriya', 'noi', 'KAZ', NULL),
(230, 'HOFFMANN Réka', 'noi', 'HUN', NULL),
(231, 'KACZMARSKA Agata', 'noi', 'POL', NULL),
(232, 'ISLAMBEKOVA Dina', 'noi', 'KAZ', NULL),
(233, 'LOVCHYNSKA Mariia', 'noi', 'UKR', NULL),
(234, 'AMANKUL Uulu Asybek', 'ffi', 'KGZ', NULL),
(235, 'TYSHKOVETS Andriy', 'ffi', 'UKR', NULL),
(236, 'TURAL Sariyev', 'ffi', 'AZE', NULL),
(237, 'BEKMURODOV Doniyor', 'ffi', 'UZB', NULL),
(238, 'ZHUSSPOV Temirats', 'ffi', 'KAZ', NULL),
(239, 'GOMAN Christopher', 'ffi', 'GER', NULL),
(240, 'ALIJONOV Ziyovuddin', 'ffi', 'UZB', NULL),
(241, 'ABDIKADYR Damir', 'ffi', 'KAz', NULL),
(242, 'HASAN Malikov', 'ffi', 'AZE', NULL),
(243, 'DIUSHEBAEV Nurzhigit', 'ffi', 'KGZ', NULL),
(244, 'IBRAHIM Salah', 'ffi', 'GER', NULL),
(245, 'MEHMOOD Hamza', 'ffi', 'ENG', NULL),
(246, 'BERNÁTH Attila', 'ffi', 'HUN', NULL),
(247, 'ZAMOTAYEV Dmytro', 'ffi', 'UKR', NULL),
(248, 'QUIROGA Ramon Nicanor', 'ffi', 'ARG', NULL),
(249, 'PANDAY Sandip', 'ffi', 'FIN', NULL),
(250, 'SZAKA István', 'ffi', 'HUN', NULL),
(251, 'KOVALENKO Pavlo', 'ffi', 'UKR', NULL),
(252, 'HAFIZ Miraz', 'ffi', 'SWE', NULL),
(253, 'JURAEV Oybek', 'ffi', 'UZB', NULL),
(254, 'MOLDASHEV Daulet', 'ffi', 'KAZ', NULL),
(255, 'NORTOJIEV Khujanazar', 'ffi', 'UZB', NULL),
(256, 'SHEMEZA Emmanuel', 'ffi', 'AUS', NULL),
(257, 'KATONA Tibor', 'ffi', 'SVK', NULL),
(258, 'NIJAT Huseynov', 'ffi', 'AZE', NULL),
(259, 'BERNÁTH László', 'ffi', 'HUN', NULL),
(260, 'VIRBÁN Gábor', 'ffi', 'HUN', NULL),
(261, 'ABDURAIMER Aider', 'ffi', 'UKR', NULL),
(262, 'ADAMS Billy', 'ffi', 'ENG', NULL),
(263, 'AZRAK Babirov', 'ffi', 'AZE', NULL),
(264, 'TEMIRZHANOV Serik', 'ffi', 'KAZ', NULL),
(265, 'KHOLMURODOV Samandar', 'ffi', 'UZB', NULL),
(266, 'IWANOW Jaroslaw', 'ffi', 'POL', NULL),
(267, 'HANSEN Ouisanou', 'ffi', 'GER', NULL),
(268, 'VERES Roland', 'ffi', 'HUN', NULL),
(269, 'BONDARCHUK Taras', 'ffi', 'UKR', NULL),
(270, 'SENIOR Charlie', 'ffi', 'AUS', NULL),
(271, 'CHULYACHEYER Oleg', 'ffi', 'UKR', NULL),
(272, 'SUKTHET Sarawut', 'ffi', 'THA', NULL),
(273, 'BUNDOVICS István', 'ffi', 'HUN', NULL),
(274, 'KOVÁCS Kruzitó', 'ffi', 'HUN', NULL),
(275, 'SEIDEKMATOV Sanzha', 'ffi', 'KGZ', NULL),
(276, 'VASILE Usturoi', 'ffi', 'HUN', NULL),
(277, 'ASADOV Bakhtiyor', 'ffi', 'UZB', NULL),
(278, 'SEIITBEK Uulu Manurbek', 'ffi', 'KGZ', NULL),
(279, 'TAGAYBAEV Aydos', 'ffi', 'UZB', NULL),
(280, 'HADI Hadrous', 'ffi', 'SWE', NULL),
(281, 'ZZIWA Fred', 'ffi', 'AUS', NULL),
(282, 'BALOG Márk', 'ffi', 'HUN', NULL),
(283, 'RÓMAI Ruben', 'ffi', 'HUN', NULL),
(284, 'TADEJ Cemoga', 'ffi', 'SLO', NULL),
(285, 'TÓTH-SZABÓ Vilmos', 'ffi', 'HUN', NULL),
(286, 'MELLA Péter', 'ffi', 'HUN', NULL),
(287, 'TOLTAYEV Samatali', 'ffi', 'KAZ', NULL),
(288, 'BADER Ilia', 'ffi', 'POL', NULL),
(289, 'LICUL Patrik', 'ffi', 'CRO', NULL),
(290, ' LETAIEF Seifeddine', 'ffi', 'SUI', NULL),
(291, 'YILDIRIM Murat', 'ffi', 'GER', NULL),
(292, 'DZIAZKO Mykhailo', 'ffi', 'UKR', NULL),
(293, 'BEKTENOV Ryspek', 'ffi', 'KGZ', NULL),
(294, 'PIDNUCH Khunatip', 'ffi', 'THA', NULL),
(295, 'TOLTAYEV Sanatal', 'ffi', 'KAZ', NULL),
(296, 'ARFA Yassine', 'ffi', 'BEL', NULL),
(297, 'KHARTSYZ Yaroslav', 'ffi', 'UKR', NULL),
(298, 'DAWIEC Michal', 'ffi', 'POL', NULL),
(299, 'JALAL Gurbanov', 'ffi', 'AZE', NULL),
(300, 'Natalia Kuczewska', 'noi', 'POL', NULL),
(301, 'GKEVORGKIAN David', 'ffi', 'GER', NULL),
(302, 'ZAMORYLO Danyil', 'ffi', 'UKR', NULL),
(303, 'TYERS Joseph', 'ffi', 'ENG', NULL),
(304, ' KOVÁCS Richárd', 'ffi', 'HUN', NULL),
(305, 'LAVRENOVAS Andriejus', 'ffi', 'LTU', NULL),
(306, 'AZZEDINE Mehdaoui', 'ffi', 'BEL', NULL),
(307, 'JELACIC Marin', 'ffi', 'CRO', NULL),
(308, 'ORBÁN Adrián', 'ffi', 'HUN', NULL),
(309, 'HANSEN Assan', 'ffi', 'GER', NULL),
(310, 'Mc CLERY Max', 'ffi', 'AUS', NULL),
(311, 'TALAIBEKOV Zhakshylyk', 'ffi', 'KGZ', NULL),
(312, 'ALAGIC Deni', 'ffi', 'CRO', NULL),
(313, 'MYKHALUSHKO Yaroslav', 'ffi', 'UKR', NULL),
(314, 'CSÖNGE Botond', 'ffi', 'HUN', NULL),
(315, 'NEJC Petric', 'ffi', 'SLO', NULL),
(316, 'BUZA Rafael', 'ffi', 'HUN', NULL),
(317, 'MEIER Félix', 'ffi', 'SUI', NULL),
(318, 'DANYI Dániel', 'ffi', 'HUN', NULL),
(319, 'BEKBAUOV Dulat', 'ffi', 'KAZ', NULL),
(320, 'CHABYAN Arsen', 'ffi', 'AUT', NULL),
(321, 'MAFAUAD Joel Marcos', 'ffi', 'ARG', NULL),
(322, 'GARSIDE Harry', 'ffi', 'AUS', NULL),
(323, 'BEKMURODOV Bekzod', 'ffi', 'UZB', NULL),
(324, 'SOQUESSA Kelvin', 'ffi', 'CZE', NULL),
(325, 'FODOR Milán', 'ffi', 'HUN', NULL),
(326, 'ZAKHARIE Vyurii', 'ffi', 'UKR', NULL),
(327, 'JANKÓ Krisztián', 'ffi', 'HUN', NULL),
(328, 'HORVATH Ladislac', 'ffi', 'SVK', NULL),
(329, 'DURKACZ Damian', 'ffi', 'POL', NULL),
(330, 'KROTTER Deniel', 'ffi', 'GER', NULL),
(331, 'YEASUNGNOEN Peerapat', 'ffi', 'THA', NULL),
(332, 'TURGONBOEV Komronbek', 'ffi', 'UZB', NULL),
(333, 'BORG Mark', 'ffi', 'AUS', NULL),
(334, 'DAVEY Shannan', 'ffi', 'AUS', NULL),
(335, 'ZHAKPEKOV Yermakhan', 'ffi', 'KAZ', NULL),
(336, 'RASHID Hasanov', 'ffi', 'AZE', NULL),
(337, 'ABDYZHAPAR Uulu Syrgak', 'ffi', 'KGZ', NULL),
(338, 'SCHACHIDOV Magomed', 'ffi', 'GER', NULL),
(339, 'AVDIC Esad', 'ffi', 'AUT', NULL),
(340, 'GERZSENYI István', 'ffi', 'HUN', NULL),
(341, 'PYLYPEC Maksim', 'ffi', 'UKR', NULL),
(342, 'EMMANUEL Rytersson', 'ffi', 'SWE', NULL),
(343, 'ANTHONY Kakukila', 'ffi', 'BEL', NULL),
(344, 'KNEZEVIC Petar Kresimir', 'ffi', 'CRO', NULL),
(345, 'MOLODAN Maksym', 'ffi', 'UKR', NULL),
(346, 'PETERS Callum', 'ffi', 'AUS', NULL),
(347, 'TROFIMCUK Aleksandr', 'ffi', 'LTU', NULL),
(348, 'TAKIZHANOV Ayatulla', 'ffi', 'KAZ', NULL),
(349, 'DAMIRDIN Uulu Daniiar', 'ffi', 'KGZ', NULL),
(350, 'HADJIT Noa', 'ffi', 'BEL', NULL),
(351, 'PAPAKIN Ivan', 'ffi', 'UKR', NULL),
(352, 'CSERVENKA Róbert', 'ffi', 'HUN', NULL),
(353, 'BARTL Milos', 'ffi', 'CZE', NULL),
(354, 'OUSSAMA Berkouat', 'ffi', 'BEL', NULL),
(355, 'DEBANIC Gabrijel', 'ffi', 'CRO', NULL),
(356, 'AKYLOV Pylyp', 'ffi', 'HUN', NULL),
(357, 'MOLINARO Dominic', 'ffi', 'AUS', NULL),
(358, 'BEKZHIGIT Uulu Omurbek', 'ffi', 'KGZ', NULL),
(359, 'SAMUEL Hickey', 'ffi', 'SCO', NULL),
(360, 'KAZAKEVICIUS Arnas', 'ffi', 'LTU', NULL),
(361, 'DERDA Kacper', 'ffi', 'POL', NULL),
(362, 'MAJD Alsapadi', 'ffi', 'SWE', NULL),
(363, 'SCHUMANN Kevin-Boakyen', 'ffi', 'GER', NULL),
(364, 'KHABIBULLAEV Turabek', 'ffi', 'UZB', NULL),
(365, 'MEINL Marcel', 'ffi', 'AUT', NULL),
(366, 'EIS Ben', 'ffi', 'GER', NULL),
(367, 'KOVÁCS Pál', 'ffi', 'HUN', NULL),
(368, 'MATONDO Manuel', 'ffi', 'SUI', NULL),
(369, 'KHYZHNIAK Oleksandr', 'ffi', 'UKR', NULL),
(370, 'LIORANCAS Robertas', 'ffi', 'LTU', NULL),
(371, 'BURES Tomas', 'ffi', 'CZE', NULL),
(372, 'ORALBAY Nurbek', 'ffi', 'KAZ', NULL),
(373, 'CROTTY George', 'ffi', 'ENG', NULL),
(374, 'VÁNCZKU Attila', 'ffi', 'HUN', NULL),
(375, 'NYSTEDT Nikita', 'ffi', 'FIN', NULL),
(376, 'BOYMATOV Rakhmatullo', 'ffi', 'UZB', NULL),
(377, 'PLANTIC Damir', 'ffi', 'CRO', NULL),
(378, 'KREKÓ István', 'ffi', 'HUN', NULL),
(379, ' VLADIMIR Mironcikov', 'ffi', 'SRB', NULL),
(380, 'KAMRAN Shakhsuvarly', 'ffi', 'AZE', NULL),
(381, 'SHIERLE Silvio', 'ffi', 'GER', NULL),
(382, ' RUSTON Kirra', 'ffi', 'AUS', NULL),
(383, 'DADAEV Delil', 'ffi', 'GER', NULL),
(384, 'KUSSAINOV Shaimurat', 'ffi', 'KAZ', NULL),
(385, 'McALLISTER Billy', 'ffi', 'AUS', NULL),
(386, 'LEGENASSE Idris', 'ffi', 'BEL', NULL),
(387, 'DUDENAS Arunas', 'ffi', 'LTU', NULL),
(388, 'ADYLBEK Uulu Erkin', 'ffi', 'KGZ', NULL),
(389, 'BERI Kevin', 'ffi', 'HUN', NULL),
(390, 'NIEDZWIECKI Tomasz', 'ffi', 'POL', NULL),
(391, 'TOLMACHOV Bogdan', 'ffi', 'UKR', NULL),
(392, 'DJALOLOV Samandar', 'ffi', 'UZB', NULL),
(393, 'HORSKOV Sernii', 'ffi', 'UKR', NULL),
(394, 'HRIVNÁK Pavol', 'ffi', 'CZE', NULL),
(395, 'ELDAR Guliev', 'ffi', 'AZE', NULL),
(396, 'PRATLJACIC Marko', 'ffi', 'CRO', NULL),
(397, 'URBONAVICIUS Simonas', 'ffi', 'LTU', NULL),
(398, 'ORALBAY Aibek', 'ffi', 'KAZ', NULL),
(399, 'OKAFOR Alexander', 'ffi', 'GER', NULL),
(400, 'GENTI Morina', 'ffi', 'SWE', NULL),
(401, 'VOISNAROVIC Darius', 'ffi', 'LTU', NULL),
(402, 'TURSUNOV Sanjar', 'ffi', 'UZB', NULL),
(403, 'BARACSI Dániel', 'ffi', 'HUN', NULL),
(404, 'ABDULJABBAR Ammar', 'ffi', 'GER', NULL),
(405, 'BROWN Patrick', 'ffi', 'ENG', NULL),
(406, 'SAIDOULAEV Khamzat', 'ffi', 'AUT', NULL),
(407, 'ENYI Ikenna', 'ffi', 'AUS', NULL),
(408, 'KARSTAN Arkadii', 'ffi', 'UKR', NULL),
(409, 'OGBO Victor', 'ffi', 'ENG', NULL),
(410, 'ABOUDOU Moindze Djamili', 'ffi', 'FRA', NULL),
(411, 'PINC Martin', 'ffi', 'CZE', NULL),
(412, 'TEREMOANA Teremoana', 'ffi', 'AUS', NULL),
(413, 'BANIULIS Algirdas', 'ffi', 'LTU', NULL),
(414, 'MILUN Marko', 'ffi', 'CRO', NULL),
(415, 'LOVCHYNSKYI Dmytro', 'ffi', 'UKR', NULL),
(416, 'STOIANEHER Kyrylo', 'ffi', 'UKR', NULL),
(417, 'FELFÖLDI László', 'ffi', 'HUN', NULL),
(418, 'SAFARYAN Oskar', 'ffi', 'POL', NULL),
(419, 'JAAZEVICIUS Jonas', 'ffi', 'LTU', NULL),
(420, 'PUTILOV Nikita', 'ffi', 'GER', NULL),
(421, 'LAKATOS Kevin', 'ffi', 'HUN', NULL),
(422, 'TOIBAY Damir', 'ffi', 'KAZ', NULL),
(423, 'VAZ Maxime', 'ffi', 'FRA', NULL);

--
-- Indexek a kiírt táblákhoz
--

--
-- A tábla indexei `merkozesek`
--
ALTER TABLE `merkozesek`
  ADD PRIMARY KEY (`merkozesekid`),
  ADD KEY `vnevid1` (`vnevid1`,`vnevid2`),
  ADD KEY `vnevid2` (`vnevid2`),
  ADD KEY `suly1ID` (`suly1ID`,`suly2ID`),
  ADD KEY `suly2ID` (`suly2ID`);

--
-- A tábla indexei `sulycsoport`
--
ALTER TABLE `sulycsoport`
  ADD PRIMARY KEY (`id`);

--
-- A tábla indexei `versenyzok`
--
ALTER TABLE `versenyzok`
  ADD PRIMARY KEY (`versenyzoid`);

--
-- Megkötések a kiírt táblákhoz
--

--
-- Megkötések a táblához `merkozesek`
--
ALTER TABLE `merkozesek`
  ADD CONSTRAINT `merkozesek_ibfk_1` FOREIGN KEY (`vnevid1`) REFERENCES `versenyzok` (`versenyzoid`),
  ADD CONSTRAINT `merkozesek_ibfk_2` FOREIGN KEY (`vnevid2`) REFERENCES `versenyzok` (`versenyzoid`),
  ADD CONSTRAINT `merkozesek_ibfk_3` FOREIGN KEY (`suly1ID`) REFERENCES `sulycsoport` (`id`),
  ADD CONSTRAINT `merkozesek_ibfk_4` FOREIGN KEY (`suly2ID`) REFERENCES `sulycsoport` (`id`);
COMMIT;

/*!40101 SET CHARACTER_SET_CLIENT=@OLD_CHARACTER_SET_CLIENT */;
/*!40101 SET CHARACTER_SET_RESULTS=@OLD_CHARACTER_SET_RESULTS */;
/*!40101 SET COLLATION_CONNECTION=@OLD_COLLATION_CONNECTION */;
