-- phpMyAdmin SQL Dump
-- version 5.2.1
-- https://www.phpmyadmin.net/
--
-- Gép: 127.0.0.1
-- Létrehozás ideje: 2024. Ápr 14. 23:19
-- Kiszolgáló verziója: 10.4.28-MariaDB
-- PHP verzió: 8.2.4

SET SQL_MODE = "NO_AUTO_VALUE_ON_ZERO";
START TRANSACTION;
SET time_zone = "+00:00";


/*!40101 SET @OLD_CHARACTER_SET_CLIENT=@@CHARACTER_SET_CLIENT */;
/*!40101 SET @OLD_CHARACTER_SET_RESULTS=@@CHARACTER_SET_RESULTS */;
/*!40101 SET @OLD_COLLATION_CONNECTION=@@COLLATION_CONNECTION */;
/*!40101 SET NAMES utf8mb4 */;

--
-- Adatbázis: `jab_ab`
--
CREATE DATABASE IF NOT EXISTS `jab_ab` DEFAULT CHARACTER SET utf8 COLLATE utf8_hungarian_ci;
USE `jab_ab`;

-- --------------------------------------------------------

--
-- Tábla szerkezet ehhez a táblához `birok`
--

CREATE TABLE `birok` (
  `biroid` int(5) NOT NULL,
  `bnev` varchar(35) NOT NULL,
  `nem` varchar(5) NOT NULL,
  `nemzetiseg` varchar(3) NOT NULL
) ENGINE=InnoDB DEFAULT CHARSET=utf8 COLLATE=utf8_hungarian_ci;

--
-- TÁBLA KAPCSOLATAI `birok`:
--

--
-- A tábla adatainak kiíratása `birok`
--

INSERT INTO `birok` (`biroid`, `bnev`, `nem`, `nemzetiseg`) VALUES
(1, 'MICHAEL Hemming', 'ferfi', 'ENG'),
(2, 'BABAI Sándor', 'ferfi', 'HUN'),
(3, 'ANTONIN Gaspar', 'ferfi', 'CZE'),
(4, 'MOLNÁR Gábor', 'ferfi', 'HUN'),
(5, 'ABDUALIMOV Askiddin', 'ferfi', 'UZB'),
(6, 'GYŐRFI Károly', 'ferfi', 'HUN'),
(7, 'LAZAREV Dimitrov', 'ferfi', 'UKR'),
(8, 'CSOKOR Zoltán', 'ferfi', 'HUN'),
(9, 'CASTEN Fijuje ', 'ferfi', 'GER'),
(10, 'SZŰCS Veronika', 'noi', 'HUN'),
(11, 'EDUARDO Gustin', 'ferfi', 'CRO'),
(12, 'HIDVÉGI György', 'ferfi', 'HUN'),
(13, 'NORBERT Hornak', 'ferfi', 'SVK'),
(14, 'CSOKOR Csaba', 'ferfi', 'HUN'),
(15, 'GALIYEV Elcham', 'ferfi', 'AZE'),
(16, 'TÓTH Imre', 'ferfi', 'HUN'),
(17, 'PIRJO Tyni', 'noi', 'FIN'),
(18, 'BÉKI Piroska', 'noi', 'HUN'),
(19, 'VILMANTHS Bobinas', 'ferfi', 'LTU'),
(20, 'FEHÉR Márió', 'ferfi', 'HUN'),
(21, 'TOMASZ Majcher', 'ferfi', 'POL'),
(22, 'DR. RÁTKAI Norbert', 'ferfi', 'HUN'),
(23, 'SZABÓ Egon', 'ferfi', 'HUN'),
(24, 'TÖRÖK Zoltán', 'ferfi', 'HUN'),
(25, 'KAIRAT Zhumankulov', 'ferfi', 'KAZ'),
(26, 'AITIEV Abdimalik', 'ferfi', 'KGZ'),
(27, 'JÓNÁS Ádám', 'ferfi', 'HUN'),
(28, 'BOUHLEL Sara', 'noi', 'TUN'),
(29, 'SIMEVSKA Radmila ', 'noi', 'MKD'),
(30, 'MILCZAREK Slawomir', 'ferfi', 'POL'),
(31, 'KÁDÁR Sándor ', 'ferfi', 'HUN'),
(32, 'BAITTROV Nurbek', 'ferfi', 'KAZ'),
(33, 'SUKHEBATOR Zhyhzhzhayan', 'ferfi', 'UKR');

-- --------------------------------------------------------

--
-- Tábla szerkezet ehhez a táblához `merkozesek`
--

CREATE TABLE `merkozesek` (
  `merkozesekid` int(5) NOT NULL,
  `vnevid1` int(5) NOT NULL,
  `vnevid2` int(5) NOT NULL,
  `gyoztesid` int(5) DEFAULT NULL,
  `pontozas` varchar(4) DEFAULT NULL,
  `KO` int(1) NOT NULL,
  `ring` varchar(1) NOT NULL,
  `b_id` int(5) DEFAULT NULL,
  `sulycsopid` int(2) DEFAULT NULL,
  `datum` int(11) DEFAULT NULL
) ENGINE=InnoDB DEFAULT CHARSET=utf8 COLLATE=utf8_hungarian_ci;

--
-- TÁBLA KAPCSOLATAI `merkozesek`:
--   `vnevid1`
--       `versenyzok` -> `versenyzoid`
--   `vnevid2`
--       `versenyzok` -> `versenyzoid`
--   `b_id`
--       `birok` -> `biroid`
--   `sulycsopid`
--       `sulycsoport` -> `id`
--

--
-- A tábla adatainak kiíratása `merkozesek`
--

INSERT INTO `merkozesek` (`merkozesekid`, `vnevid1`, `vnevid2`, `gyoztesid`, `pontozas`, `KO`, `ring`, `b_id`, `sulycsopid`, `datum`) VALUES
(1, 86, 101, 101, '4:1', 0, 'A', 28, 18, 2024),
(2, 49, 61, 49, '4:1', 0, 'A', 2, 19, 2024),
(3, 50, 123, 50, '3:2', 0, 'A', 29, 20, 2024),
(4, 13, 105, 105, 'R2', 1, 'A', 8, 5, 2024),
(5, 66, 77, 66, '5:0', 0, 'A', 30, 5, 2024),
(6, 17, 106, 106, 'R3', 0, 'A', 27, 6, 2024),
(7, 69, 23, 69, '5:0', 0, 'A', 23, 8, 2024),
(8, 24, 22, 22, '4:1', 0, 'A', 12, 8, 2024),
(9, 27, 70, 27, '3:0', 0, 'A', 28, 9, 2024),
(10, 111, 80, 111, '4:0', 0, 'A', 31, 9, 2024),
(11, 81, 116, 116, 'R3', 0, 'A', 29, 13, 2024),
(12, 39, 83, 83, '5:0', 0, 'B', 32, 16, 2024),
(13, 42, 41, 41, '5:0', 0, 'B', 8, 18, 2024),
(14, 122, 44, 122, 'R2', 0, 'B', 33, 19, 2024),
(15, 48, 45, 45, '4:1', 0, 'B', 22, 19, 2024),
(16, 126, 96, 96, '5:0', 0, 'B', 6, 23, 2024),
(17, 12, 11, 12, 'WO', 0, 'B', 20, 5, 2024),
(18, 16, 59, 16, 'WO', 0, 'B', 4, 6, 2024),
(19, 67, 15, 67, '5:0', 0, 'B', 10, 6, 2024),
(20, 90, 109, 109, 'WO', 0, 'B', 32, 8, 2024),
(21, 26, 110, 110, '5:0', 0, 'B', 14, 9, 2024),
(22, 25, 28, 28, 'R2', 0, 'B', 33, 9, 2024),
(23, 118, 82, 118, '5:0', 0, 'A', 8, 15, 2024),
(24, 87, 93, 93, '3:2', 0, 'A', 30, 18, 2024),
(25, 85, 43, 85, 'R2', 0, 'A', 27, 18, 2024),
(26, 74, 94, 74, '4:1', 0, 'A', 23, 19, 2024),
(27, 46, 88, 88, 'WO', 0, 'A', 12, 19, 2024),
(28, 95, 124, 95, '3:2', 0, 'A', 28, 21, 2024),
(29, 75, 6, 75, '5:0', 0, 'A', 2, 4, 2024),
(30, 104, 65, 65, '4:0', 0, 'A', 29, 6, 2024),
(31, 14, 106, 14, '5:0', 0, 'A', 12, 6, 2024),
(32, 19, 97, 19, '5:0', 0, 'A', 30, 7, 2024),
(33, 32, 73, 32, '5:0', 0, 'A', 31, 12, 2024),
(34, 300, 37, 300, '5:0', 0, 'B', 22, 15, 2024),
(35, 60, 121, 60, '5:0', 0, 'B', 6, 18, 2024),
(36, 101, 41, 41, '4:1', 0, 'B', 20, 18, 2024),
(37, 47, 49, 49, 'WO', 0, 'B', 4, 19, 2024),
(38, 122, 45, 122, '5:0', 0, 'B', 10, 19, 2024),
(39, 53, 125, 125, '3:2', 0, 'B', 32, 22, 2024),
(40, 64, 4, 64, 'WO', 0, 'B', 14, 3, 2024),
(41, 9, 100, 9, 'WO', 0, 'B', 33, 4, 2024),
(42, 16, 67, 67, 'R2', 0, 'B', 33, 6, 2024),
(43, 99, 108, 108, 'WO', 0, 'B', 6, 7, 2024),
(44, 114, 33, 114, 'WO', 0, 'B', 20, 12, 2024),
(45, 36, 119, 36, '5:0', 0, 'A', 8, 15, 2024),
(46, 120, 92, 92, '5:0', 0, 'A', 23, 17, 2024),
(47, 93, 85, 93, '4:1', 0, 'A', 28, 18, 2024),
(48, 74, 88, 88, '3:2', 0, 'A', 31, 19, 2024),
(49, 52, 102, 102, '5:0', 0, 'A', 27, 20, 2024),
(50, 128, 58, 128, '5:0', 0, 'A', 29, 25, 2024),
(51, 7, 8, 8, '5:0', 0, 'A', 2, 4, 2024),
(52, 107, 68, 107, 'WO', 0, 'A', 12, 7, 2024),
(53, 18, 78, 78, '4:1', 0, 'A', 30, 7, 2024),
(54, 27, 111, 111, 'WO', 0, 'A', 28, 9, 2024),
(55, 30, 113, 113, '5:0', 0, 'A', 12, 11, 2024),
(56, 118, 300, 300, '3:2', 0, 'B', 20, 15, 2024),
(57, 84, 40, 84, '3:2', 0, 'B', 10, 17, 2024),
(58, 60, 41, 41, '4:1', 0, 'B', 33, 18, 2024),
(59, 49, 122, 122, '4:1', 0, 'B', 22, 19, 2024),
(60, 51, 50, 50, '4:1', 0, 'B', 20, 20, 2024),
(61, 1, 103, 103, 'WO', 0, 'B', 14, 1, 2024),
(62, 65, 9, 65, '5:0', 0, 'B', 4, 4, 2024),
(63, 79, 20, 20, '3:2', 0, 'B', 6, 7, 2024),
(64, 19, 108, 19, '4:1', 0, 'B', 32, 7, 2024),
(65, 110, 28, 110, '3:2', 0, 'B', 22, 9, 2024),
(66, 72, 31, 72, 'WO', 0, 'B', 4, 11, 2024),
(67, 5, 76, 5, '4:1', 0, 'A', 2, 3, 2024),
(68, 10, 105, 10, '3:2', 0, 'A', 31, 5, 2024),
(69, 107, 78, 107, '4:1', 0, 'A', 23, 7, 2024),
(70, 21, 69, 69, 'WO', 0, 'A', 30, 8, 2024),
(71, 71, 112, 71, '5:0', 0, 'A', 8, 10, 2024),
(72, 115, 98, 115, 'R1', 1, 'A', 28, 13, 2024),
(73, 2, 63, 63, 'WO', 0, 'B', 14, 2, 2024),
(74, 75, 64, 64, '5:0', 0, 'B', 14, 3, 2024),
(75, 66, 12, 66, 'R2', 0, 'B', 33, 5, 2024),
(76, 20, 19, 19, '5:0', 0, 'B', 4, 7, 2024),
(77, 22, 109, 109, '5:0', 0, 'B', 4, 8, 2024),
(78, 34, 116, 116, 'WO', 0, 'B', 32, 13, 2024),
(79, 35, 117, 117, '4:0', 0, 'A', 27, 14, 2024),
(80, 36, 300, 300, '4:1', 0, 'A', 4, 15, 2024),
(81, 38, 83, 83, '5:0', 0, 'A', 20, 16, 2024),
(82, 92, 84, 92, '5:0', 0, 'A', 2, 17, 2024),
(83, 93, 41, 93, '3:2', 0, 'A', 4, 18, 2024),
(84, 88, 122, 88, '5:0', 0, 'A', 33, 19, 2024),
(85, 102, 50, 102, '5:0', 0, 'A', 23, 20, 2024),
(86, 89, 95, 95, '5:0', 0, 'A', 32, 21, 2024),
(87, 54, 125, 54, '5:0', 0, 'A', 29, 22, 2024),
(88, 55, 96, 55, '5:0', 0, 'A', 31, 23, 2024),
(89, 127, 56, 127, '5:0', 0, 'A', 14, 24, 2024),
(90, 57, 128, 128, '4:1', 0, 'A', 28, 25, 2024),
(91, 62, 103, 62, '4:1', 0, 'A', 8, 1, 2024),
(92, 3, 63, 3, '3:2', 0, 'A', 27, 2, 2024),
(93, 5, 64, 5, '5:0', 0, 'A', 20, 3, 2024),
(94, 8, 65, 65, '4:1', 0, 'A', 23, 4, 2024),
(95, 10, 66, 66, '4:1', 0, 'A', 6, 5, 2024),
(96, 14, 67, 67, '4:1', 0, 'A', 2, 6, 2024),
(97, 107, 19, 107, '4:1', 0, 'A', 14, 7, 2024),
(98, 69, 109, 109, '4:1', 0, 'A', 4, 8, 2024),
(99, 111, 110, 110, '5:0', 0, 'A', 12, 9, 2024),
(100, 29, 71, 71, 'WO', 0, 'A', 2, 10, 2024),
(101, 113, 72, 113, '5:0', 0, 'A', 28, 10, 2024),
(102, 32, 33, 33, 'R1', 0, 'A', 33, 12, 2024),
(103, 115, 116, 115, '5:0', 0, 'A', 32, 13, 2024),
(104, 141, 142, 142, '3:2', 0, 'A', 1, 15, 2023),
(105, 154, 155, 155, '5:0', 0, 'A', 2, 17, 2023),
(106, 156, 157, 157, '4:1', 0, 'A', 3, 17, 2023),
(107, 158, 159, 159, ' 5:0', 0, 'A', 4, 17, 2023),
(108, 160, 161, 160, '3:2', 0, 'A', 5, 17, 2023),
(109, 174, 175, 175, '5:0', 0, 'A', 6, 19, 2023),
(110, 176, 177, 176, '5:0', 0, 'A', 7, 19, 2023),
(111, 178, 179, 178, '3:2', 0, 'A', 8, 19, 2023),
(112, 180, 181, 181, '5:0', 0, 'A', 1, 19, 2023),
(113, 182, 183, 183, '5:0', 0, 'A', 2, 19, 2023),
(114, 184, 185, 184, '3:2', 0, 'A', 3, 9, 2023),
(115, 186, 187, 187, '4:1', 0, 'A', 4, 19, 2023),
(116, 188, 189, 189, '3:2', 0, 'A', 5, 21, 2023),
(117, 364, 365, 364, 'R2', 1, 'B', 9, 10, 2023),
(118, 366, 367, 366, '5:0', 0, 'B', 10, 10, 2023),
(119, 368, 369, 369, 'R2', 0, 'B', 11, 10, 2023),
(120, 370, 371, 370, '3:2', 0, 'B', 12, 10, 2023),
(121, 372, 373, 372, '4:1', 0, 'B', 13, 10, 2023),
(122, 374, 375, 375, '5:0', 0, 'B', 14, 10, 2023),
(123, 376, 377, 376, '4:1', 0, 'B', 15, 10, 2023),
(124, 378, 379, 379, '5:0', 0, 'B', 16, 10, 2023),
(125, 380, 381, 381, '3:2', 0, 'B', 9, 10, 2023),
(126, 382, 383, 382, '3:2', 0, 'B', 10, 10, 2023),
(127, 276, 277, 276, '4:1', 0, 'B', 17, 4, 2023),
(128, 279, 280, 279, '5:0', 0, 'B', 18, 5, 2023),
(129, 281, 282, 281, 'R2', 0, 'C', 19, 5, 2023),
(130, 283, 284, 283, '3:2', 0, 'C', 20, 5, 2023),
(131, 285, 286, 285, '5:0', 0, 'C', 21, 5, 2023),
(132, 287, 288, 287, '3:2', 0, 'C', 22, 5, 2023),
(133, 289, 290, 290, '4:1', 0, 'C', 23, 5, 2023),
(134, 291, 292, 291, '5:0', 0, 'C', 24, 5, 2023),
(135, 309, 310, 309, '3:2', 0, 'C', 17, 6, 2023),
(136, 391, 392, 391, '3:2', 0, 'C', 18, 11, 2023),
(137, 166, 167, 167, '5:0', 0, 'A', 6, 18, 2023),
(138, 168, 169, 169, '5:0', 0, 'A', 7, 18, 2023),
(139, 170, 171, 171, '5:0', 0, 'A', 8, 18, 2023),
(140, 172, 173, 172, '4:1', 0, 'A', 1, 18, 2023),
(141, 200, 201, 201, '5:0', 0, 'A', 2, 21, 2023),
(142, 202, 203, 202, '5:0', 0, 'A', 3, 21, 2023),
(143, 204, 205, 205, '5:0', 0, 'A', 4, 21, 2023),
(144, 206, 207, 207, '5:0', 0, 'A', 5, 21, 2023),
(145, 211, 212, 211, '3:2', 0, 'A', 6, 22, 2023),
(146, 217, 218, 217, '4:1', 0, 'A', 7, 23, 2023),
(147, 219, 220, 219, '5:0', 0, 'A', 8, 23, 2023),
(148, 221, 222, 222, '5:0', 0, 'A', 1, 23, 2023),
(149, 223, 224, 223, '5:0', 0, 'A', 2, 23, 2023),
(150, 410, 411, 410, '4:1', 0, 'B', 11, 12, 2023),
(151, 412, 413, 412, 'R1', 0, 'B', NULL, 13, 2023),
(152, 414, 415, 415, '4:0', 0, 'B', NULL, 13, 2023),
(153, 416, 417, 416, '4:1', 0, 'B', NULL, 13, 2023),
(154, 418, 419, 419, '4:1', 0, 'B', NULL, 13, 2023),
(155, 420, 421, 420, 'WO', 0, 'B', NULL, 13, 2023),
(156, 422, 423, 422, '5:0', 0, 'B', NULL, 13, 2023),
(157, 338, 339, 338, '5:0', 0, 'C', 17, 8, 2023),
(158, 340, 341, 341, '5:0', 0, 'C', 18, 8, 2023),
(159, 342, 343, 343, '3:2', 0, 'C', 19, 8, 2023),
(160, 344, 345, 345, '5:0', 0, 'C', 20, 8, 2023),
(161, 350, 351, 351, '5:0', 0, 'C', 21, 9, 2023),
(162, 352, 353, 352, '3:2', 0, 'C', 2, 9, 2023),
(163, 354, 355, 355, ' 4:1', 0, 'C', 23, 9, 2023),
(164, 356, 357, 356, ' 4:1', 0, 'C', 24, 9, 2023),
(165, 132, 133, 133, '5:0', 0, 'A', 17, 14, 2023),
(166, 144, 145, 145, 'R2', 0, 'A', 18, 16, 2023),
(167, 146, 147, 146, ' 5:0', 0, 'A', 19, 16, 2023),
(168, 148, 149, 149, '4:1', 0, 'A', 20, 16, 2023),
(169, 150, 151, 151, ' 4:1', 0, 'A', 21, 17, 2023),
(170, 152, 153, 153, '4:1', 0, 'A', 22, 17, 2023),
(171, 155, 157, 157, '4:1', 0, 'A', 15, 17, 2023),
(172, 92, 160, 92, '5:0', 0, 'A', 23, 17, 2023),
(173, 175, 176, 175, '5:0', 0, 'A', 24, 19, 2023),
(174, 178, 181, 181, '5:0', 0, '', 17, 19, 2023),
(175, 183, 184, 184, '5:0', 0, 'A', 18, 19, 2023),
(176, 187, 189, 187, '5:0', 0, 'A', 19, 19, 2023),
(177, 48, 193, 193, '3:0', 0, 'A', 20, 20, 2023),
(178, 194, 195, 194, 'R1', 0, 'A', 21, 20, 2023),
(179, 232, 128, 232, '5:0', 0, 'A', 22, 25, 2023),
(180, 326, 327, 326, '5:0', 0, 'B', 1, 8, 2023),
(181, 328, 329, 329, '5:0', 0, 'B', 2, 8, 2023),
(182, 330, 331, 330, '5:0', 0, 'B', 3, 8, 2023),
(183, 332, 333, 332, 'R1', 0, 'B', 4, 8, 2023),
(184, 334, 335, 335, '5:0', 0, 'B', 5, 8, 2023),
(185, 336, 337, 336, '5:0', 0, 'B', 6, 8, 2023),
(186, 338, 341, 338, '3:2', 0, 'B', 7, 8, 2023),
(187, 343, 345, 345, '5:0', 0, 'B', 8, 8, 2023),
(188, 358, 359, 359, '4:1', 0, 'B', 2, 10, 2023),
(189, 360, 361, 190, '3:2', 0, 'B', 1, 10, 2023),
(190, 362, 363, 363, '5:0', 0, 'B', 2, 10, 2023),
(191, 364, 366, 364, '5:0', 0, 'B', 3, 10, 2023),
(192, 369, 370, 369, '5:0', 0, 'B', 4, 10, 2023),
(193, 372, 375, 372, '5:0', 0, 'B', 5, 10, 2023),
(194, 376, 379, 376, '3:2', 0, 'B', 6, 10, 2023),
(195, 381, 382, 381, '4:1', 0, 'B', 7, 10, 2023),
(196, 261, 262, 262, '5:0', 0, 'C', 9, 4, 2023),
(197, 263, 264, 264, '5:0', 0, 'C', 10, 4, 2023),
(198, 265, 266, 265, '5:0', 0, 'C', 11, 4, 2023),
(199, 267, 268, 268, '5:0', 0, 'C', 12, 4, 2023),
(200, 269, 270, 269, '4:1', 0, 'C', NULL, 4, 2023),
(201, 271, 272, 272, '4:1', 0, 'C', 14, 4, 2023),
(202, 273, 274, 273, 'WO', 0, 'C', 25, 4, 2023),
(203, 275, 276, 276, '5:0', 0, 'C', 16, 4, 2023),
(204, 277, 278, 278, 'R1', 0, 'C', 27, 7, 2023),
(205, 279, 280, 280, 'R3', 0, 'C', 9, 7, 2023),
(206, 281, 282, 2, '4:1', 0, 'C', 10, 7, 2023),
(207, 318, 319, 319, '5:0', 0, 'C', 14, 7, 2023),
(208, 320, 321, 321, '5:0', 0, 'C', 12, 7, 2023),
(209, 322, 323, 322, '4:0', 0, 'C', NULL, 7, 2023),
(210, 324, 325, 325, '5:0', 0, 'C', 13, 7, 2023),
(211, 326, 327, 326, 'R1', 0, 'C', 23, 15, 2023),
(212, 328, 329, 329, 'R3', 0, 'C', 20, 15, 2023),
(213, 138, 139, 138, '5:0', 0, 'A', 22, 15, 2023),
(214, 140, 142, 142, 'WO', 0, 'A', 18, 15, 2023),
(215, 162, 163, 163, '5:0', 0, 'A', 17, 18, 2023),
(216, 164, 165, 165, '4:1', 0, 'A', 20, 18, 2023),
(217, 167, 169, 167, '5:0', 0, 'A', 19, 18, 2023),
(218, 171, 172, 171, '4:1', 0, 'A', 21, 18, 2023),
(219, 196, 197, 197, '5:0', 0, 'A', 15, 21, 2023),
(220, 198, 199, 199, 'WO', 0, 'A', 22, 21, 2023),
(221, 201, 202, 202, '4:1', 0, 'A', 23, 21, 2023),
(222, 205, 207, 205, '4:1', 0, 'A', 24, 21, 2023),
(223, 213, 214, 214, '5:0', 0, 'A', 17, 23, 2023),
(224, 215, 216, 215, '3:2', 0, 'A', 18, 23, 2023),
(225, 217, 219, 219, 'WO', 0, 'A', 8, 23, 2023),
(226, 222, 223, 222, '4:1', 0, 'A', 20, 23, 2023),
(227, 255, 256, 256, 'WO', 0, 'B', 8, 3, 2023),
(228, 257, 258, 258, '3:2', 0, 'B', 1, 3, 2023),
(229, 4, 5, 5, '5:0', 0, 'B', 2, 3, 2023),
(230, 393, 394, 393, '5:0', 0, 'B', 4, 12, 2023),
(231, 395, 396, 396, '5:0', 0, 'B', 3, 12, 2023),
(232, 397, 398, 398, '5:0', 0, 'B', 5, 12, 2023),
(233, 399, 400, 399, '5:0', 0, 'B', 6, 12, 2023),
(234, 401, 402, 401, 'WO', 0, 'B', 7, 12, 2023),
(235, 403, 404, 404, '5:0', 0, 'B', 8, 12, 2023),
(236, 405, 406, 405, 'R3', 0, 'B', 3, 12, 2023),
(237, 407, 408, 408, '4:1', 0, 'B', 1, 12, 2023),
(238, 244, 245, 244, '3:2', 0, 'C', 25, 2, 2023),
(239, 3, 247, 3, '4:1', 0, 'C', 16, 2, 2023),
(240, 248, 249, 248, '5:0', 0, 'C', 27, 2, 2023),
(241, 293, 294, 294, '5:0', 0, 'C', 9, 6, 2023),
(242, 295, 296, 295, '5:0', 0, 'C', 10, 6, 2023),
(243, 297, 298, 297, 'R3', 0, 'C', 11, 6, 2023),
(244, 299, 301, 301, '5:0', 0, 'C', 12, 6, 2023),
(245, 302, 303, 302, '3:1', 0, 'C', NULL, 6, 2023),
(246, 14, 305, 14, '5:0', 0, 'C', 14, 6, 2023),
(247, 306, 307, 306, '3:2', 0, 'C', 25, 6, 2023),
(248, 308, 309, 309, '5:0', 0, 'C', 16, 6, 2023),
(249, 129, 130, 130, '3:2', 0, 'A', 9, 14, 2023),
(250, 35, 133, 133, '5:0', 0, 'A', 10, 14, 2023),
(251, 143, 145, 145, 'R2', 0, 'A', 11, 16, 2023),
(252, 146, 149, 146, 'R3', 0, 'A', 12, 16, 2023),
(253, 163, 165, 165, '4:1', 0, 'A', 14, 18, 2023),
(254, 167, 171, 171, '3:2', 0, 'A', 26, 18, 2023),
(255, 190, 191, 191, '5:0', 0, 'A', 25, 20, 2023),
(256, 193, 194, 193, '4:1', 0, 'A', 16, 20, 2023),
(257, 208, 209, 209, 'R3', 0, 'A', 9, 22, 2023),
(258, 210, 211, 210, 'R3', 0, 'A', 27, 22, 2023),
(259, 225, 226, 225, '4:1', 0, 'A', 10, 24, 2023),
(260, 227, 228, 228, '5:0', 0, 'A', 11, 24, 2023),
(261, 311, 313, 313, '5:0', 0, 'B', 17, 7, 2023),
(262, 315, 316, 315, '5:0', 0, 'B', 18, 7, 2023),
(263, 319, 321, 319, '5:0', 0, 'B', 19, 7, 2023),
(264, 322, 325, 322, '4:1', 0, 'B', 20, 7, 2023),
(265, 326, 329, 326, '5:0', 0, 'B', 22, 8, 2023),
(266, 330, 332, 330, '5:0', 0, 'B', 21, 8, 2023),
(267, 335, 336, 335, '4:1', 0, 'B', 23, 8, 2023),
(268, 338, 345, 338, '3:2', 0, 'B', 15, 8, 2023),
(269, 346, 347, 347, '4:1', 0, 'B', 24, 9, 2023),
(270, 348, 349, 348, 'WO', 0, 'B', 18, 9, 2023),
(271, 351, 352, 351, '3:2', 0, 'B', 20, 9, 2023),
(272, 355, 356, 356, '5:0', 0, 'B', 24, 9, 2023),
(273, 239, 240, 240, '5:0', 0, 'C', 1, 2, 2023),
(274, 241, 242, 241, '5:0', 0, 'C', 2, 2, 2023),
(275, 243, 244, 244, '3:2', 0, 'C', 3, 2, 2023),
(276, 246, 248, 246, '4:1', 0, 'C', 4, 2, 2023),
(277, 262, 264, 264, '3:2', 0, 'C', 13, 4, 2023),
(278, 265, 268, 265, '3:2', 0, 'C', 6, 4, 2023),
(279, 269, 272, 272, '4:1', 0, 'C', 7, 4, 2023),
(280, 273, 276, 276, '5:0', 0, 'C', 8, 4, 2023),
(281, 278, 279, 276, 'R2', 0, 'C', 1, 5, 2023),
(282, 281, 283, 281, '5:0', 0, 'C', 4, 5, 2023),
(283, 285, 287, 287, '5:0', 0, 'C', 2, 5, 2023),
(284, 290, 291, 291, '5:0', 0, 'C', 3, 5, 2023),
(285, 134, 137, 134, '4:1', 0, 'A', 12, 15, 2023),
(286, 138, 142, 142, '5:0', 0, 'A', 26, 15, 2023),
(287, 151, 153, 151, '5:0', 0, 'A', 14, 17, 2023),
(288, 157, 159, 159, '5:0', 0, 'A', 25, 17, 2023),
(289, 175, 181, 181, '5:0', 0, 'A', 16, 19, 2023),
(290, 184, 187, 184, '4:0', 0, 'A', 27, 19, 2023),
(291, 197, 199, 199, 'WO', 0, 'A', 9, 21, 2023),
(292, 202, 205, 202, '3:2', 0, 'A', 10, 21, 2023),
(293, 214, 215, 215, '5:0', 0, 'A', 11, 23, 2023),
(294, 219, 222, 222, '5:0', 0, 'A', 12, 23, 2023),
(295, 229, 230, 229, '3:2', 0, 'A', 27, 25, 2023),
(296, 231, 232, 231, '3:0', 0, 'A', 26, 25, 2023),
(297, 231, 232, 231, '3:0', 0, 'A', 26, 1, 2023),
(298, 384, 385, 385, '3:2', 0, 'B', 20, 11, 2023),
(299, 386, 387, 386, '5:0', 0, 'B', 21, 11, 2023),
(300, 388, 389, 388, 'R2', 0, 'B', 22, 11, 2023),
(301, 390, 391, 391, '4:1', 0, 'B', 15, 11, 2023),
(302, 393, 396, 396, '4:1', 0, 'B', 23, 12, 2023),
(303, 398, 399, 398, 'R1', 1, 'B', 21, 12, 2023),
(304, 401, 404, 404, '5:0', 0, 'B', 17, 12, 2023),
(305, 405, 408, 405, '4:0', 0, 'B', 18, 12, 2023),
(306, 409, 410, 409, '4:1', 0, 'B', 19, 13, 2023),
(307, 412, 415, 415, '5:0', 0, 'B', 20, 13, 2023),
(308, 416, 419, 419, 'R1', 0, 'B', 21, 13, 2023),
(309, 420, 422, 420, 'R3', 1, 'B', 22, 13, 2023),
(310, 250, 251, 251, '5:0', 0, 'C', 4, 3, 2023),
(311, 252, 253, 253, '5:0', 0, 'C', 2, 3, 2023),
(312, 254, 256, 254, '4:1', 0, 'C', 6, 3, 2023),
(313, 258, 260, 260, '3:2', 0, 'C', 7, 3, 2023),
(314, 294, 295, 294, '4:1', 0, 'C', 8, 6, 2023),
(315, 297, 301, 297, '5:0', 0, 'C', 13, 6, 2023),
(316, 302, 304, 302, 'WO', 0, 'C', 2, 6, 2023),
(317, 306, 309, 309, '5:0', 0, 'C', 1, 6, 2023),
(318, 359, 360, 359, 'WO', 0, 'C', 3, 10, 2023),
(319, 363, 364, 364, '5:0', 0, 'C', 4, 10, 2023),
(320, 369, 372, 369, '3:2', 0, 'C', 8, 10, 2023),
(321, 376, 381, 376, '5:0', 0, 'C', 6, 10, 2023),
(322, 234, 235, 234, '5:0', 0, 'A', 14, 1, 2023),
(323, 236, 238, 238, '5:0', 0, 'A', 6, 1, 2023),
(324, 240, 241, 240, '3:2', 0, 'A', 15, 2, 2023),
(325, 244, 246, 244, '4:1', 0, 'A', 3, 2, 2023),
(326, 251, 253, 253, '3:2', 0, 'A', 12, 3, 2023),
(327, 254, 260, 260, '5:0', 0, 'A', 21, 3, 2023),
(328, 264, 265, 264, '4:1', 0, 'A', 19, 4, 2023),
(329, 272, 276, 276, 'WO', 0, 'A', 25, 4, 2023),
(330, 279, 281, 281, '5:0', 0, 'A', 13, 5, 2023),
(331, 287, 291, 287, '3:2', 0, 'A', 16, 5, 2023),
(332, 294, 297, 297, '5:0', 0, 'A', 23, 6, 2023),
(333, 302, 309, 309, '5:0', 0, 'A', 1, 6, 2023),
(334, 313, 315, 313, '5:0', 0, 'B', 26, 7, 2023),
(335, 319, 322, 319, '4:1', 0, 'B', 5, 7, 2023),
(336, 326, 330, 326, '5:0', 0, 'B', 17, 8, 2023),
(337, 335, 338, 338, 'WO', 0, 'B', 26, 8, 2023),
(338, 347, 348, 348, '3:2', 0, 'B', 24, 9, 2023),
(339, 351, 356, 351, 'WO', 0, 'B', 10, 9, 2023),
(340, 359, 364, 364, '4:1', 0, 'B', 27, 10, 2023),
(341, 369, 376, 369, 'R2', 0, 'B', 10, 10, 2023),
(342, 385, 386, 386, 'R2', 0, 'B', 7, 11, 2023),
(343, 388, 391, 388, '3:2', 0, 'B', 11, 11, 2023),
(344, 396, 398, 398, '5:0', 0, 'B', 9, 12, 2023),
(345, 404, 405, 405, '5:0', 0, 'B', 14, 12, 2023),
(346, 409, 415, 415, '5:0', 0, 'B', 22, 13, 2023),
(347, 419, 420, 420, '5:0', 0, 'B', 4, 13, 2023),
(348, 130, 133, 133, '5:0', 0, 'A', 18, 1, 2023),
(349, 134, 142, 142, '5:0', 0, 'A', 5, 14, 2023),
(350, 145, 146, 145, '4:1', 0, 'A', 26, 16, 2023),
(351, 151, 159, 151, '5:0', 0, 'A', 27, 17, 2023),
(352, 181, 184, 181, 'WO', 0, 'A', 2, 19, 2023),
(353, 191, 193, 193, '4:1', 0, 'A', 13, 20, 2023),
(354, 199, 202, 202, '5:0', 0, 'A', 22, 21, 2023),
(355, 209, 210, 209, '5:0', 0, 'A', 8, 22, 2023),
(356, 215, 222, 215, '3:2', 0, 'A', 11, 23, 2023),
(357, 225, 228, 228, 'R2', 0, 'A', 20, 24, 2023),
(358, 229, 231, 231, '5:0', 0, 'A', 3, 25, 2023),
(359, 41, 171, 171, '5:0', 0, 'A', 21, 18, 2023),
(360, 234, 238, 238, '5:0', 0, 'A', 17, 1, 2023),
(361, 240, 244, 244, '4:1', 0, 'A', 12, 2, 2023),
(362, 253, 260, 253, '4:1', 0, 'A', 7, 3, 2023),
(363, 264, 276, 264, '5:0', 0, 'A', 1, 4, 2023),
(364, 281, 287, 287, '5:0', 0, 'A', 9, 5, 2023),
(365, 297, 309, 297, '5:0', 0, 'A', 15, 6, 2023),
(366, 313, 319, 319, 'WO', 0, 'A', 14, 7, 2023),
(367, 326, 338, 326, '4:1', 0, 'A', 10, 8, 2023),
(368, 348, 351, 348, '4:1', 0, 'A', 19, 9, 2023),
(369, 364, 369, 369, '4:0', 0, 'A', 2, 10, 2023),
(370, 386, 388, 388, '4:1', 0, 'A', 25, 11, 2023),
(371, 398, 405, 398, 'WO', 0, 'A', 16, 12, 2023),
(372, 415, 420, 420, '3:2', 0, 'A', 4, 13, 2023);

-- --------------------------------------------------------

--
-- Tábla szerkezet ehhez a táblához `sulycsoport`
--

CREATE TABLE `sulycsoport` (
  `id` int(5) NOT NULL,
  `sulycsoport` varchar(20) NOT NULL,
  `suly` varchar(12) NOT NULL,
  `nem` varchar(5) NOT NULL
) ENGINE=InnoDB DEFAULT CHARSET=utf8 COLLATE=utf8_hungarian_ci;

--
-- TÁBLA KAPCSOLATAI `sulycsoport`:
--

--
-- A tábla adatainak kiíratása `sulycsoport`
--

INSERT INTO `sulycsoport` (`id`, `sulycsoport`, `suly`, `nem`) VALUES
(1, 'Szalmasúly', '48kg', 'ferfi'),
(2, 'Légsúly', '51kg', 'ferfi'),
(3, 'Harmatsúly', '54kg', 'ferfi'),
(4, 'Pehelysúly', '57kg', 'ferfi'),
(5, 'Könnyűsúly', '60kg', 'ferfi'),
(6, 'Kisváltósúly', '63,5kg', 'ferfi'),
(7, 'Váltósúly', '67kg', 'ferfi'),
(8, 'Nagyváltósúly', '71kg', 'ferfi'),
(9, 'Középsúly', '75kg', 'ferfi'),
(10, 'Félnehézsúly', '80kg', 'ferfi'),
(11, 'Cirkálósúly', '86kg', 'ferfi'),
(12, 'Nehézsúly', '92kg', 'ferfi'),
(13, 'Szupernehézsúly', '92+kg', 'ferfi'),
(14, 'Szalmasúly', '48kg', 'noi'),
(15, 'Kislégsúly', '50kg', 'noi'),
(16, 'Légsúly', '52kg', 'noi'),
(17, 'Harmatsúly', '54kg', 'noi'),
(18, 'Pehelysúly', '57kg', 'noi'),
(19, 'Könnyűsúly', '60kg', 'noi'),
(20, 'Kisváltósúly', '63kg', 'noi'),
(21, 'Váltósúly', '66kg', 'noi'),
(22, 'Nagyváltósúly', '70kg', 'noi'),
(23, 'Középsúly', '75kg', 'noi'),
(24, 'Félnehézsúly', '81kg', 'noi'),
(25, 'Nehézsúly', '81+kg', 'noi');

-- --------------------------------------------------------

--
-- Tábla szerkezet ehhez a táblához `versenyzok`
--

CREATE TABLE `versenyzok` (
  `versenyzoid` int(5) NOT NULL,
  `vnev` varchar(35) NOT NULL,
  `nem` varchar(5) NOT NULL,
  `nemzetiseg` varchar(4) NOT NULL,
  `szul_ev` int(4) DEFAULT NULL
) ENGINE=InnoDB DEFAULT CHARSET=utf8 COLLATE=utf8_hungarian_ci;

--
-- TÁBLA KAPCSOLATAI `versenyzok`:
--

--
-- A tábla adatainak kiíratása `versenyzok`
--

INSERT INTO `versenyzok` (`versenyzoid`, `vnev`, `nem`, `nemzetiseg`, `szul_ev`) VALUES
(1, 'ZSIGÓ Csaba', 'ferfi', 'HUN', NULL),
(2, 'BERNÁTH Imre', 'ferfi', 'HUN', NULL),
(3, 'BERNÁTH Attila', 'ferfi', 'HUN', 2000),
(4, 'BERNÁTH László', 'ferfi', 'HUN', NULL),
(5, 'VIRBÁN Gábor', 'ferfi', 'HUN', NULL),
(6, 'LAKATOS Péter', 'ferfi', 'HUN', NULL),
(7, 'KOLOSZÁR Valentin ', 'ferfi', 'HUN', NULL),
(8, 'VERES Roland', 'ferfi', 'HUN', 1999),
(9, 'GÁLOS Roland ', 'ferfi', 'HUN', 1996),
(10, 'KOVÁCS Kruzitó', 'ferfi', 'HUN', 2005),
(11, 'BERNÁTH Dávid', 'ferfi', 'HUN', NULL),
(12, 'SZABÓ Sándor', 'ferfi', 'HUN', 2005),
(13, 'BUDAI Máté ', 'ferfi', 'HUN', NULL),
(14, 'KOVÁCS Richárd', 'ferfi', 'HUN', NULL),
(15, 'KOVÁCS Tamás ', 'ferfi', 'HUN', NULL),
(16, 'TÓTH-SZABÓ Vilmos ', 'ferfi', 'HUN', NULL),
(17, 'JARMY Tamás', 'ferfi', 'HUN', NULL),
(18, 'MAJOR Milán', 'ferfi', 'HUN', 2003),
(19, 'BUZA Rafael', 'ferfi', 'HUN', 2005),
(20, 'PETRIMÁN Milán', 'ferfi', 'HUN', NULL),
(21, 'GÉMES Levente ', 'ferfi', 'HUN', 2006),
(22, 'BUZA Rómeó ', 'ferfi', 'HUN', NULL),
(23, 'ANTAL László ', 'ferfi', 'HUN', NULL),
(24, 'OROYOWVE Isaac ', 'ferfi', 'HUN', NULL),
(25, 'NÉMETH Zsolt', 'ferfi', 'HUN', NULL),
(26, 'KIRÁLY Balázs ', 'ferfi', 'HUN', NULL),
(27, 'AKILOV Pylyp ', 'ferfi', 'HUN', 2000),
(28, 'MESTER Soma ', 'ferfi', 'HUN', 2002),
(29, 'KOVÁCS Pál ', 'ferfi', 'HUN', 1996),
(30, 'KISS Milán ', 'ferfi', 'HUN', NULL),
(31, 'BALOGH Dávid ', 'ferfi', 'HUN', NULL),
(32, 'KISS Levente ', 'ferfi', 'HUN', 2003),
(33, 'SALLAI Márk ', 'ferfi', 'HUN', 1993),
(34, 'SZILVÁSSI Zsolt', 'ferfi', 'HUN', NULL),
(35, 'SZELECZKI Lilla ', 'no', 'HUN', NULL),
(36, 'MEZEI Petra ', 'no', 'HUN', NULL),
(37, 'HORVÁTH Kármen', 'no', 'HUN', 2006),
(38, 'HORVÁTH Laura ', 'no', 'HUN', 2006),
(39, 'PAP Kata', 'no', 'HUN', 2005),
(40, 'LAKOTÁR Hanna ', 'no', 'HUN', 2002),
(41, 'SZŰCS Szabina ', 'no', 'HUN', 1993),
(42, 'DOBOS Rebeka ', 'no', 'HUN', NULL),
(43, 'PLAJOS Dominika', 'no', 'HUN', NULL),
(44, 'UJVÁRI Viktória ', 'no', 'HUN', NULL),
(45, 'HARCOS Zoé ', 'no', 'HUN', NULL),
(46, 'DR. GYŐRFI Anna', 'no', 'HUN', NULL),
(47, 'HAJDÚ Annamária ', 'no', 'HUN', NULL),
(48, 'BUDAI Vivien ', 'no', 'HUN', 2000),
(49, 'SZABÓ Petra ', 'no', 'HUN', NULL),
(50, 'BÉLIK Tímea ', 'no', 'HUN', 1993),
(51, 'NÉMETH Dominika', 'no', 'HUN', NULL),
(52, 'CIFRA Diana ', 'no', 'HUN', NULL),
(53, 'KOVÁCS Nikolett ', 'no', 'HUN', 2005),
(54, 'NAGY Bianka ', 'no', 'HUN', 1989),
(55, 'NAKOTA Veronika ', 'no', 'HUN', 2005),
(56, 'KOMJÁTHI Nóra', 'no', 'HUN', NULL),
(57, 'HOFFMANN Réka', 'no', 'HUN', 2003),
(58, 'SZIRA Zsófia', 'no', 'HUN', NULL),
(59, ' PETAR Hicolov ', 'ferfi', 'BUL', NULL),
(60, 'NIKOLINA Cacic', 'no', 'CRO', 2001),
(61, 'BOLANCA Dea', 'no', 'CRO', NULL),
(62, 'ZHUSSUPOV Askhat', 'ferfi', 'KAZ', 1998),
(63, 'SABIT Daniyal ', 'ferfi', 'KAZ', 2003),
(64, 'MURATULY Kenzhe', 'ferfi', 'KAZ', NULL),
(65, 'SERIKBAY Assylzhan', 'ferfi', 'KAZ', NULL),
(66, 'ZHEXEN Biibars ', 'ferfi', 'KAZ', 2002),
(67, 'ZEINULINOV Yertuga ', 'ferfi', 'KAZ', NULL),
(68, 'SEITZHAN Rakhat', 'ferfi', 'KAZ', 2001),
(69, 'AKKALYKOV Sabirzhan', 'ferfi', 'KAZ', 2002),
(70, 'MOLZHIGITOV Dias ', 'ferfi', 'KAZ', 2003),
(71, 'ZHAKPEKOV Yerassyl', 'ferfi', 'KAZ', NULL),
(72, 'MUKATAYEV Temirlan ', 'ferfi', 'KAZ', 2004),
(73, 'RAKHIMBERDINOV Daniyar', 'ferfi', 'KAZ', NULL),
(74, 'VLADISLAVA Kukhta', 'no', 'KAZ', 2000),
(75, 'ALDARKHISHEG Battulga', 'ferfi', 'MGL', NULL),
(76, 'GANKHUYAG Gan-Ezdene', 'ferfi', 'MGL', NULL),
(77, 'DURJNJAMBU Ganbold', 'ferfi', 'MGL', NULL),
(78, 'BATTUMUR Misheelt', 'ferfi', 'MGL', 1998),
(79, 'TEGHJARGAL Enkhtur ', 'ferfi', 'MGL', 2002),
(80, 'OTGONBAATAR Byamba-Erdene', 'ferfi', 'MGL', 1997),
(81, 'KHALI Byeknur', 'ferfi', 'MGL', 1995),
(82, 'BALSAN Mungunsaran', 'no', 'MGL', 2000),
(83, 'OYUNTSETSEG Jesugen ', 'no', 'MGL', 2001),
(84, 'LUTSAIKHAN Altantsetseg ', 'no', 'MGL', 1996),
(85, 'TUMURKHUYAG Bolortuul', 'no', 'MGL', 1988),
(86, 'TUGSJARGAL Nomin-Erden', 'no', 'MGL', 2004),
(87, 'MUNGUNTSETSEG Enkhjargal', 'no', 'MGL', 2000),
(88, 'MONKHOR Namuun', 'no', 'MGL', 2000),
(89, 'GANZORIG Badmaarag', 'no', 'MGL', 2003),
(90, 'ALIM Rusterovski', 'ferfi', 'MKD', NULL),
(91, 'NATALIA Rok ', 'no', 'POL', 1995),
(92, 'DRABIK Sandra', 'no', 'POL', NULL),
(93, 'SZEREMETA Julia', 'no', 'POL', NULL),
(94, 'BORYS Patrycja ', 'no', 'POL', 2000),
(95, 'ANETA Rygielska', 'no', 'POL', 1996),
(96, 'ELIZABETA Wojcik ', 'no', 'POL', 1996),
(97, 'MARJAN Onuta ', 'ferfi', 'ROU', NULL),
(98, 'CSISZER Ernest-Márk ', 'ferfi', 'ROU', NULL),
(99, 'NIKOLIC Zelyko ', 'no', 'SRB', NULL),
(100, 'SEIFEDDINE Letaife', 'ferfi', 'SUI', 2003),
(101, 'MILISIC Ana ', 'no', 'SUI', 1996),
(102, 'ANNA Jenni', 'no', 'SUI', 1995),
(103, 'TYSHKOVETS Andriy', 'ferfi', 'UKR', 1998),
(104, 'CHULIACHEIEV Oleh ', 'ferfi', 'UKR', 1999),
(105, 'TSYKALO Ruslan ', 'ferfi', 'UKR', 2004),
(106, 'ZAMORYLO Danyil ', 'ferfi', 'UKR', NULL),
(107, 'ALIIEV Elvin', 'ferfi', 'UKR', 2002),
(108, 'KHRISTOSOV Rhor', 'ferfi', 'UKR', NULL),
(109, 'ZAKHARIEV Yurii', 'ferfi', 'UKR', 2003),
(110, 'ILLIUSHA Pavol', 'ferfi', 'UKR', NULL),
(111, 'KULYA Dmytro', 'ferfi', 'UKR', 2000),
(112, 'KOFAN Maksym ', 'ferfi', 'UKR', NULL),
(113, 'ZHASAN Danylo', 'ferfi', 'UKR', 1999),
(114, 'KARTSAN Arkadii ', 'ferfi', 'UKR', 2000),
(115, 'LOVCHYNSKYI Dmytro', 'ferfi', 'UKR', 1999),
(116, 'HRYTSIV Oleksandr', 'ferfi', 'UKR', 2000),
(117, 'SHALIMOVA Olha', 'no', 'UKR', 2001),
(118, 'KOB Tetiana ', 'no', 'UKR', 1988),
(119, 'MARYNCHUK Jaroslava', 'no', 'UKR', NULL),
(120, 'KOVALCHUK Anastasiia ', 'no', 'UKR', 1999),
(121, 'LAKNO Anhelia ', 'no', 'UKR', NULL),
(122, 'OKHREI Hanna', 'no', 'UKR', 1991),
(123, 'FILIPPOVA Yuliia', 'no', 'UKR', 2004),
(124, 'CHERNOKOLENKO Anastasi', 'no', 'UKR', 1994),
(125, 'SARANIUK Anastasiia', 'no', 'UKR', 2006),
(126, 'MAKHNO Karolina ', 'no', 'UKR', 2000),
(127, 'LUSTAK Iryna', 'no', 'UKR', 2006),
(128, 'LOVCHYNSKA Mariia ', 'no', 'UKR', 2001),
(129, ' SATTIBAYEVA Aigerim', 'no', 'KAZ', NULL),
(130, 'RESZTAN Demie-Jade', 'no', 'ENG', NULL),
(131, 'SZELECZKI Lilla', 'no', 'HUN', NULL),
(132, 'DEMIANNENKO Yuliia', 'no', 'UKR', NULL),
(133, 'LOPEZ Aldana Florencia', 'no', 'ARG', NULL),
(134, 'RUCZEWSKA Natalia', 'no', 'POL', NULL),
(135, 'KERTÉSZ Alexandra', 'no', 'HUN', NULL),
(136, 'MEZEI Petra', 'no', 'HUN', NULL),
(137, 'FLORES Tatiana', 'no', 'ARG', NULL),
(138, 'MARYNCHUK Yaroslava', 'no', 'UKR', NULL),
(139, ' PAP Kata', 'no', 'HUN', NULL),
(140, 'ORSZÁGI Sára', 'no', 'HUN', NULL),
(141, 'ROK Natalia', 'no', 'POL', NULL),
(142, ' KAIVO-OJA Pihla', 'no', 'FIN', NULL),
(143, 'PRYMACZENKO Nikola', 'no', 'POL', NULL),
(144, 'DAULETZHANYZY Yerkezhan', 'no', 'KAZ', NULL),
(145, 'SURACI Monique', 'no', 'AUS', NULL),
(146, 'UMANSKA Svitlana', 'no', 'UKR', NULL),
(147, 'HAMZA Stela Roxana', 'no', 'ROU', NULL),
(148, 'JOKIAHO Emma', 'no', 'FIN', NULL),
(149, 'DR. BUSA Gabriella', 'no', 'HUN', NULL),
(150, ' KONSTATOPOULOU Antonia', 'no', 'AUS', NULL),
(151, 'JUTAMAS Jitpong', 'no', 'THA', NULL),
(152, 'MILAGROS ROSARIO milagros', 'no', 'ARG', NULL),
(153, ' NASSER Zeina', 'no', 'GER', NULL),
(154, 'ECHEGARAY Tiana', 'no', 'AUS', NULL),
(155, 'LAKOTÁR Hanna', 'no', 'HUN', NULL),
(156, 'ROGALINSKA Wiktoria', 'no', 'POL', NULL),
(157, 'KOVALCHUK Anastasiia', 'no', 'UKR', NULL),
(158, 'DUDEK Beáta', 'no', 'HUN', NULL),
(159, ' DRABIK Sandra', 'no', 'POL', NULL),
(160, ' ROBLES Sofia Micaela', 'no', 'ARG', NULL),
(161, 'CACIC Nikolina', 'no', 'CRO', NULL),
(162, 'TAS Canan', 'no', 'GER', NULL),
(163, ' BASANETS Marianna', 'no', 'UKR', NULL),
(164, 'KRUK Sandra', 'no', 'POL', NULL),
(165, ' SZŰCS Szabina', 'no', 'HUN', NULL),
(166, 'NAGY Evelin', 'no', 'HUN', NULL),
(167, 'RAHIMI Tina', 'no', 'AUS', NULL),
(168, ' MILISIC Ana Maria', 'no', 'SUI', NULL),
(169, ' MAKINEN Teresa', 'no', 'FIN', NULL),
(170, ' BOLANCA Dea', 'no', 'CRO', NULL),
(171, 'HOLMES Olivia', 'no', 'ENG', NULL),
(172, 'SULTANKYZY Saniya', 'no', 'KAZ', NULL),
(173, ' ARI Asya', 'no', 'GER', NULL),
(174, ' KUBALOVA Tamara', 'no', 'SVK', NULL),
(175, 'ALEXIUSSON Agnes', 'no', 'SWE', NULL),
(176, 'BÜCHNER Lena', 'no', 'GER', NULL),
(177, 'CIFRA Diána', 'no', 'HUN', NULL),
(178, 'KOCIOLEK Zaklina', 'no', 'POL', NULL),
(179, 'KISS Edina', 'no', 'HUN', NULL),
(180, 'SZEREMETA Julia', 'no', 'POL', NULL),
(181, 'VOLOSSENKO Rimma', 'no', 'KAZ', NULL),
(182, ' MEZŐVÁRI Kinga', 'no', 'HUN', NULL),
(183, 'GENGLBANER Felicitas', 'no', 'GER', NULL),
(184, ' JEDINAKOVA Miroslava', 'no', 'SVK', NULL),
(185, 'STAROVOITOVA Ana', 'no', 'LTU', NULL),
(186, 'SCHANLON Danielle', 'no', 'AUS', NULL),
(187, 'OKHREI Hanna', 'no', 'UKR', NULL),
(188, 'KORETS Veronika', 'no', 'UKR', NULL),
(189, 'SZABÓ Petra', 'no', 'HUN', NULL),
(190, 'SAJNÓG Anna', 'no', 'POL', NULL),
(191, 'ROBINSON Hannah', 'no', 'ENG', NULL),
(192, 'BUDAI Vivien', 'no', 'HUN', NULL),
(193, 'YESSENKELDI Laura', 'no', 'KAZ', NULL),
(194, 'BOVA Mariia', 'no', 'UKR', NULL),
(195, 'TÍMÁR Boglárka', 'no', 'HUN', NULL),
(196, 'BOGDANOVA Natalya', 'no', 'KAZ', NULL),
(197, 'JANJAEM Suwannapheng', 'no', 'THA', NULL),
(198, 'DR. GYŐRFI Anna', 'no', 'HUN', NULL),
(199, 'WILLIAMSON Marissa', 'no', 'AUS', NULL),
(200, ' NIKOLOVSKI Anastasiia', 'no', 'SRB', NULL),
(201, 'HÁMORI Luca', 'no', 'HUN', NULL),
(202, 'RYGIELSKA Aneta', 'no', 'POL', NULL),
(203, 'HOLLÓSI Jázmin', 'no', 'HUN', NULL),
(204, 'LUKAJIC Anastasija', 'no', 'AUT', NULL),
(205, 'MÜLLER Leonie', 'no', 'GER', NULL),
(206, 'MERINOVA Nataliia', 'no', 'UKR', NULL),
(207, 'SHAKIMOVA Dariga', 'no', 'KAZ', NULL),
(208, 'ASKAR Balzhan', 'no', 'KAZ', NULL),
(209, 'NGAMBA Cindy', 'no', 'ENG', NULL),
(210, 'GAJIC Nikolina', 'no', 'SRB', NULL),
(211, 'LAKOS Regina', 'no', 'HUN', NULL),
(212, 'PEREZ Lucia Noelia', 'no', 'ARG', NULL),
(213, 'BAYAZITOVA Anastassiya', 'no', 'KAz', NULL),
(214, 'TOBOREK Olivia', 'no', 'POL', NULL),
(215, 'WÓJCIK Elzbieta', 'no', 'POL', NULL),
(216, 'NAGY Tímea', 'no', 'HUN', NULL),
(217, 'MARCINKOWSKA Barbara', 'no', 'POL', NULL),
(218, 'CHERNOKOLENKO Anastasiia', 'no', 'UKR', NULL),
(219, 'PARKER Caitlin', 'no', 'AUS', NULL),
(220, ' MICHEL Davina', 'no', 'FRA', NULL),
(221, 'PERGOLITI Lekeisha', 'no', 'AUS', NULL),
(222, 'BAISON Manikon', 'no', 'THA', NULL),
(223, 'SCHÖNBERGER Irina', 'no', 'GER', NULL),
(224, 'ZHARASKYZY Zhibek', 'no', 'KAZ', NULL),
(225, 'KRYSYNK Olesia', 'no', 'UKR', NULL),
(226, 'BOROS Petra', 'no', 'HUN', NULL),
(227, 'LESINKYTE Iveta', 'no', 'LTU', NULL),
(228, 'FREENTREE Emma-Sue', 'no', 'AUS', NULL),
(229, 'AXENOVA Valeriya', 'no', 'KAZ', NULL),
(230, 'HOFFMANN Réka', 'no', 'HUN', NULL),
(231, 'KACZMARSKA Agata', 'no', 'POL', NULL),
(232, 'ISLAMBEKOVA Dina', 'no', 'KAZ', NULL),
(233, 'LOVCHYNSKA Mariia', 'no', 'UKR', NULL),
(234, 'AMANKUL Uulu Asybek', 'ferfi', 'KGZ', NULL),
(235, 'TYSHKOVETS Andriy', 'ferfi', 'UKR', NULL),
(236, 'TURAL Sariyev', 'ferfi', 'AZE', NULL),
(237, 'BEKMURODOV Doniyor', 'ferfi', 'UZB', NULL),
(238, 'ZHUSSPOV Temirats', 'ferfi', 'KAZ', NULL),
(239, 'GOMAN Christopher', 'ferfi', 'GER', NULL),
(240, 'ALIJONOV Ziyovuddin', 'ferfi', 'UZB', NULL),
(241, 'ABDIKADYR Damir', 'ferfi', 'KAz', NULL),
(242, 'HASAN Malikov', 'ferfi', 'AZE', NULL),
(243, 'DIUSHEBAEV Nurzhigit', 'ferfi', 'KGZ', NULL),
(244, 'IBRAHIM Salah', 'ferfi', 'GER', NULL),
(245, 'MEHMOOD Hamza', 'ferfi', 'ENG', NULL),
(246, 'BERNÁTH Attila', 'ferfi', 'HUN', NULL),
(247, 'ZAMOTAYEV Dmytro', 'ferfi', 'UKR', NULL),
(248, 'QUIROGA Ramon Nicanor', 'ferfi', 'ARG', NULL),
(249, 'PANDAY Sandip', 'ferfi', 'FIN', NULL),
(250, 'SZAKA István', 'ferfi', 'HUN', NULL),
(251, 'KOVALENKO Pavlo', 'ferfi', 'UKR', NULL),
(252, 'HAFIZ Mirazi', 'ferfi', 'SWE', NULL),
(253, 'JURAEV Oybek', 'ferfi', 'UZB', NULL),
(254, 'MOLDASHEV Daulet', 'ferfi', 'KAZ', NULL),
(255, 'NORTOJIEV Khujanazar', 'ferfi', 'UZB', NULL),
(256, 'SHEMEZA Emmanuel', 'ferfi', 'AUS', NULL),
(257, 'KATONA Tibor', 'ferfi', 'SVK', NULL),
(258, 'NIJAT Huseynov', 'ferfi', 'AZE', NULL),
(259, 'BERNÁTH László', 'ferfi', 'HUN', NULL),
(260, 'VIRBÁN Gábor', 'ferfi', 'HUN', NULL),
(261, 'ABDURAIMER Aider', 'ferfi', 'UKR', NULL),
(262, 'ADAMS Billy', 'ferfi', 'ENG', NULL),
(263, 'AZRAK Babirov', 'ferfi', 'AZE', NULL),
(264, 'TEMIRZHANOV Serik', 'ferfi', 'KAZ', NULL),
(265, 'KHOLMURODOV Samandar', 'ferfi', 'UZB', NULL),
(266, 'IWANOW Jaroslaw', 'ferfi', 'POL', NULL),
(267, 'HANSEN Ouisanou', 'ferfi', 'GER', NULL),
(268, 'VERES Roland', 'ferfi', 'HUN', NULL),
(269, 'BONDARCHUK Taras', 'ferfi', 'UKR', NULL),
(270, 'SENIOR Charlie', 'ferfi', 'AUS', NULL),
(271, 'CHULYACHEYER Oleg', 'ferfi', 'UKR', NULL),
(272, 'SUKTHET Sarawut', 'ferfi', 'THA', NULL),
(273, 'BUNDOVICS István', 'ferfi', 'HUN', NULL),
(274, 'KOVÁCS Kruzitó', 'ferfi', 'HUN', NULL),
(275, 'SEIDEKMATOV Sanzha', 'ferfi', 'KGZ', NULL),
(276, 'VASILE Usturoi', 'ferfi', 'HUN', NULL),
(277, 'ASADOV Bakhtiyor', 'ferfi', 'UZB', NULL),
(278, 'SEIITBEK Uulu Manurbek', 'ferfi', 'KGZ', NULL),
(279, 'TAGAYBAEV Aydos', 'ferfi', 'UZB', NULL),
(280, 'HADI Hadrous', 'ferfi', 'SWE', NULL),
(281, 'ZZIWA Fred', 'ferfi', 'AUS', NULL),
(282, 'BALOG Márk', 'ferfi', 'HUN', NULL),
(283, 'RÓMAI Ruben', 'ferfi', 'HUN', NULL),
(284, 'TADEJ Cemoga', 'ferfi', 'SLO', NULL),
(285, 'TÓTH-SZABÓ Vilmos', 'ferfi', 'HUN', NULL),
(286, 'MELLA Péter', 'ferfi', 'HUN', NULL),
(287, 'TOLTAYEV Samatali', 'ferfi', 'KAZ', NULL),
(288, 'BADER Ilia', 'ferfi', 'POL', NULL),
(289, 'LICUL Patrik', 'ferfi', 'CRO', NULL),
(290, ' LETAIEF Seifeddine', 'ferfi', 'SUI', NULL),
(291, 'YILDIRIM Murat', 'ferfi', 'GER', NULL),
(292, 'DZIAZKO Mykhailo', 'ferfi', 'UKR', NULL),
(293, 'BEKTENOV Ryspek', 'ferfi', 'KGZ', NULL),
(294, 'PIDNUCH Khunatip', 'ferfi', 'THA', NULL),
(295, 'TOLTAYEV Sanatal', 'ferfi', 'KAZ', NULL),
(296, 'ARFA Yassine', 'ferfi', 'BEL', NULL),
(297, 'KHARTSYZ Yaroslav', 'ferfi', 'UKR', NULL),
(298, 'DAWIEC Michal', 'ferfi', 'POL', NULL),
(299, 'JALAL Gurbanov', 'ferfi', 'AZE', NULL),
(300, 'Natalia Kuczewska', 'no', 'POL', NULL),
(301, 'GKEVORGKIAN David', 'ferfi', 'GER', NULL),
(302, 'ZAMORYLO Danyil', 'ferfi', 'UKR', NULL),
(303, 'TYERS Joseph', 'ferfi', 'ENG', NULL),
(304, ' KOVÁCS Richárd', 'ferfi', 'HUN', NULL),
(305, 'LAVRENOVAS Andriejus', 'ferfi', 'LTU', NULL),
(306, 'AZZEDINE Mehdaoui', 'ferfi', 'BEL', NULL),
(307, 'JELACIC Marin', 'ferfi', 'CRO', NULL),
(308, 'ORBÁN Adrián', 'ferfi', 'HUN', NULL),
(309, 'HANSEN Assan', 'ferfi', 'GER', NULL),
(310, 'Mc CLERY Max', 'ferfi', 'AUS', NULL),
(311, 'TALAIBEKOV Zhakshylyk', 'ferfi', 'KGZ', NULL),
(312, 'ALAGIC Deni', 'ferfi', 'CRO', NULL),
(313, 'MYKHALUSHKO Yaroslav', 'ferfi', 'UKR', NULL),
(314, 'CSÖNGE Botond', 'ferfi', 'HUN', NULL),
(315, 'NEJC Petric', 'ferfi', 'SLO', NULL),
(316, 'BUZA Rafael', 'ferfi', 'HUN', NULL),
(317, 'MEIER Félix', 'ferfi', 'SUI', NULL),
(318, 'DANYI Dániel', 'ferfi', 'HUN', NULL),
(319, 'BEKBAUOV Dulat', 'ferfi', 'KAZ', NULL),
(320, 'CHABYAN Arsen', 'ferfi', 'AUT', NULL),
(321, 'MAFAUAD Joel Marcos', 'ferfi', 'ARG', NULL),
(322, 'GARSIDE Harry', 'ferfi', 'AUS', NULL),
(323, 'BEKMURODOV Bekzod', 'ferfi', 'UZB', NULL),
(324, 'SOQUESSA Kelvin', 'ferfi', 'CZE', NULL),
(325, 'FODOR Milán', 'ferfi', 'HUN', NULL),
(326, 'ZAKHARIE Vyurii', 'ferfi', 'UKR', NULL),
(327, 'JANKÓ Krisztián', 'ferfi', 'HUN', NULL),
(328, 'HORVATH Ladislac', 'ferfi', 'SVK', NULL),
(329, 'DURKACZ Damian', 'ferfi', 'POL', NULL),
(330, 'KROTTER Deniel', 'ferfi', 'GER', NULL),
(331, 'YEASUNGNOEN Peerapat', 'ferfi', 'THA', NULL),
(332, 'TURGONBOEV Komronbek', 'ferfi', 'UZB', NULL),
(333, 'BORG Mark', 'ferfi', 'AUS', NULL),
(334, 'DAVEY Shannan', 'ferfi', 'AUS', NULL),
(335, 'ZHAKPEKOV Yermakhan', 'ferfi', 'KAZ', NULL),
(336, 'RASHID Hasanov', 'ferfi', 'AZE', NULL),
(337, 'ABDYZHAPAR Uulu Syrgak', 'ferfi', 'KGZ', NULL),
(338, 'SCHACHIDOV Magomed', 'ferfi', 'GER', NULL),
(339, 'AVDIC Esad', 'ferfi', 'AUT', NULL),
(340, 'GERZSENYI István', 'ferfi', 'HUN', NULL),
(341, 'PYLYPEC Maksim', 'ferfi', 'UKR', NULL),
(342, 'EMMANUEL Rytersson', 'ferfi', 'SWE', NULL),
(343, 'ANTHONY Kakukila', 'ferfi', 'BEL', NULL),
(344, 'KNEZEVIC Petar Kresimir', 'ferfi', 'CRO', NULL),
(345, 'MOLODAN Maksym', 'ferfi', 'UKR', NULL),
(346, 'PETERS Callum', 'ferfi', 'AUS', NULL),
(347, 'TROFIMCUK Aleksandr', 'ferfi', 'LTU', NULL),
(348, 'TAKIZHANOV Ayatulla', 'ferfi', 'KAZ', NULL),
(349, 'DAMIRDIN Uulu Daniiar', 'ferfi', 'KGZ', NULL),
(350, 'HADJIT Noa', 'ferfi', 'BEL', NULL),
(351, 'PAPAKIN Ivan', 'ferfi', 'UKR', NULL),
(352, 'CSERVENKA Róbert', 'ferfi', 'HUN', NULL),
(353, 'BARTL Milos', 'ferfi', 'CZE', NULL),
(354, 'OUSSAMA Berkouat', 'ferfi', 'BEL', NULL),
(355, 'DEBANIC Gabrijel', 'ferfi', 'CRO', NULL),
(356, 'AKYLOV Pylyp', 'ferfi', 'HUN', NULL),
(357, 'MOLINARO Dominic', 'ferfi', 'AUS', NULL),
(358, 'BEKZHIGIT Uulu Omurbek', 'ferfi', 'KGZ', NULL),
(359, 'SAMUEL Hickey', 'ferfi', 'SCO', NULL),
(360, 'KAZAKEVICIUS Arnas', 'ferfi', 'LTU', NULL),
(361, 'DERDA Kacper', 'ferfi', 'POL', NULL),
(362, 'MAJD Alsapadi', 'ferfi', 'SWE', NULL),
(363, 'SCHUMANN Kevin-Boakyen', 'ferfi', 'GER', NULL),
(364, 'KHABIBULLAEV Turabek', 'ferfi', 'UZB', NULL),
(365, 'MEINL Marcel', 'ferfi', 'AUT', NULL),
(366, 'EIS Ben', 'ferfi', 'GER', NULL),
(367, 'KOVÁCS Pál', 'ferfi', 'HUN', NULL),
(368, 'MATONDO Manuel', 'ferfi', 'SUI', NULL),
(369, 'KHYZHNIAK Oleksandr', 'ferfi', 'UKR', NULL),
(370, 'LIORANCAS Robertas', 'ferfi', 'LTU', NULL),
(371, 'BURES Tomas', 'ferfi', 'CZE', NULL),
(372, 'ORALBAY Nurbek', 'ferfi', 'KAZ', NULL),
(373, 'CROTTY George', 'ferfi', 'ENG', NULL),
(374, 'VÁNCZKU Attila', 'ferfi', 'HUN', NULL),
(375, 'NYSTEDT Nikita', 'ferfi', 'FIN', NULL),
(376, 'BOYMATOV Rakhmatullo', 'ferfi', 'UZB', NULL),
(377, 'PLANTIC Damir', 'ferfi', 'CRO', NULL),
(378, 'KREKÓ István', 'ferfi', 'HUN', NULL),
(379, ' VLADIMIR Mironcikov', 'ferfi', 'SRB', NULL),
(380, 'KAMRAN Shakhsuvarly', 'ferfi', 'AZE', NULL),
(381, 'SHIERLE Silvio', 'ferfi', 'GER', NULL),
(382, ' RUSTON Kirra', 'ferfi', 'AUS', NULL),
(383, 'DADAEV Delil', 'ferfi', 'GER', NULL),
(384, 'KUSSAINOV Shaimurat', 'ferfi', 'KAZ', NULL),
(385, 'McALLISTER Billy', 'ferfi', 'AUS', NULL),
(386, 'LEGENASSE Idris', 'ferfi', 'BEL', NULL),
(387, 'DUDENAS Arunas', 'ferfi', 'LTU', NULL),
(388, 'ADYLBEK Uulu Erkin', 'ferfi', 'KGZ', NULL),
(389, 'BERI Kevin', 'ferfi', 'HUN', NULL),
(390, 'NIEDZWIECKI Tomasz', 'ferfi', 'POL', NULL),
(391, 'TOLMACHOV Bogdan', 'ferfi', 'UKR', NULL),
(392, 'DJALOLOV Samandar', 'ferfi', 'UZB', NULL),
(393, 'HORSKOV Sernii', 'ferfi', 'UKR', NULL),
(394, 'HRIVNÁK Pavol', 'ferfi', 'CZE', NULL),
(395, 'ELDAR Guliev', 'ferfi', 'AZE', NULL),
(396, 'PRATLJACIC Marko', 'ferfi', 'CRO', NULL),
(397, 'URBONAVICIUS Simonas', 'ferfi', 'LTU', NULL),
(398, 'ORALBAY Aibek', 'ferfi', 'KAZ', NULL),
(399, 'OKAFOR Alexander', 'ferfi', 'GER', NULL),
(400, 'GENTI Morina', 'ferfi', 'SWE', NULL),
(401, 'VOISNAROVIC Darius', 'ferfi', 'LTU', NULL),
(402, 'TURSUNOV Sanjar', 'ferfi', 'UZB', NULL),
(403, 'BARACSI Dániel', 'ferfi', 'HUN', NULL),
(404, 'ABDULJABBAR Ammar', 'ferfi', 'GER', NULL),
(405, 'BROWN Patrick', 'ferfi', 'ENG', NULL),
(406, 'SAIDOULAEV Khamzat', 'ferfi', 'AUT', NULL),
(407, 'ENYI Ikenna', 'ferfi', 'AUS', NULL),
(408, 'KARSTAN Arkadii', 'ferfi', 'UKR', NULL),
(409, 'OGBO Victor', 'ferfi', 'ENG', NULL),
(410, 'ABOUDOU Moindze Djamili', 'ferfi', 'FRA', NULL),
(411, 'PINC Martin', 'ferfi', 'CZE', NULL),
(412, 'TEREMOANA Teremoana', 'ferfi', 'AUS', NULL),
(413, 'BANIULIS Algirdas', 'ferfi', 'LTU', NULL),
(414, 'MILUN Marko', 'ferfi', 'CRO', NULL),
(415, 'LOVCHYNSKYI Dmytro', 'ferfi', 'UKR', NULL),
(416, 'STOIANEHER Kyrylo', 'ferfi', 'UKR', NULL),
(417, 'FELFÖLDI László', 'ferfi', 'HUN', NULL),
(418, 'SAFARYAN Oskar', 'ferfi', 'POL', NULL),
(419, 'JAAZEVICIUS Jonas', 'ferfi', 'LTU', NULL),
(420, 'PUTILOV Nikita', 'ferfi', 'GER', NULL),
(421, 'LAKATOS Kevin', 'ferfi', 'HUN', NULL),
(422, 'TOIBAY Damir', 'ferfi', 'KAZ', NULL),
(423, 'VAZ Maxime', 'ferfi', 'FRA', NULL);

--
-- Indexek a kiírt táblákhoz
--

--
-- A tábla indexei `birok`
--
ALTER TABLE `birok`
  ADD PRIMARY KEY (`biroid`);

--
-- A tábla indexei `merkozesek`
--
ALTER TABLE `merkozesek`
  ADD PRIMARY KEY (`merkozesekid`),
  ADD KEY `vnevid1` (`vnevid1`,`vnevid2`),
  ADD KEY `vnevid2` (`vnevid2`),
  ADD KEY `gyoztesid` (`gyoztesid`),
  ADD KEY `b_id` (`b_id`),
  ADD KEY `sulycsopid` (`sulycsopid`);

--
-- A tábla indexei `sulycsoport`
--
ALTER TABLE `sulycsoport`
  ADD PRIMARY KEY (`id`);

--
-- A tábla indexei `versenyzok`
--
ALTER TABLE `versenyzok`
  ADD PRIMARY KEY (`versenyzoid`);

--
-- Megkötések a kiírt táblákhoz
--

--
-- Megkötések a táblához `merkozesek`
--
ALTER TABLE `merkozesek`
  ADD CONSTRAINT `merkozesek_ibfk_1` FOREIGN KEY (`vnevid1`) REFERENCES `versenyzok` (`versenyzoid`),
  ADD CONSTRAINT `merkozesek_ibfk_2` FOREIGN KEY (`vnevid2`) REFERENCES `versenyzok` (`versenyzoid`),
  ADD CONSTRAINT `merkozesek_ibfk_3` FOREIGN KEY (`b_id`) REFERENCES `birok` (`biroid`),
  ADD CONSTRAINT `merkozesek_ibfk_4` FOREIGN KEY (`sulycsopid`) REFERENCES `sulycsoport` (`id`);
COMMIT;

/*!40101 SET CHARACTER_SET_CLIENT=@OLD_CHARACTER_SET_CLIENT */;
/*!40101 SET CHARACTER_SET_RESULTS=@OLD_CHARACTER_SET_RESULTS */;
/*!40101 SET COLLATION_CONNECTION=@OLD_COLLATION_CONNECTION */;
